file,line,type,commit,author,date,time,timezone,datetime,depth,length
style.css,1,css,6be0f658,Kaijie Zhang (Laplace),2025-01-17,20:06:07,-08:00,2025-01-17T20:06:07-08:00,0,6
style.css,2,css,6be0f658,Kaijie Zhang (Laplace),2025-01-17,20:06:07,-08:00,2025-01-17T20:06:07-08:00,0,33
style.css,3,css,6be0f658,Kaijie Zhang (Laplace),2025-01-17,20:06:07,-08:00,2025-01-17T20:06:07-08:00,0,33
style.css,4,css,6be0f658,Kaijie Zhang (Laplace),2025-01-17,20:06:07,-08:00,2025-01-17T20:06:07-08:00,0,0
style.css,5,css,6be0f658,Kaijie Zhang (Laplace),2025-01-17,20:06:07,-08:00,2025-01-17T20:06:07-08:00,0,0
style.css,6,css,c6a3ad04,jackyzhangkaijie@outlook.com,2025-01-10,18:59:56,-08:00,2025-01-10T18:59:56-08:00,0,5
style.css,7,css,6be0f658,Kaijie Zhang (Laplace),2025-01-17,20:06:07,-08:00,2025-01-17T20:06:07-08:00,0,16
style.css,8,css,6be0f658,Kaijie Zhang (Laplace),2025-01-17,20:06:07,-08:00,2025-01-17T20:06:07-08:00,0,19
style.css,9,css,6be0f658,Kaijie Zhang (Laplace),2025-01-17,20:06:07,-08:00,2025-01-17T20:06:07-08:00,0,12
style.css,10,css,c6a3ad04,jackyzhangkaijie@outlook.com,2025-01-10,18:59:56,-08:00,2025-01-10T18:59:56-08:00,0,24
style.css,11,css,b1548763,Kaijie Zhang (Laplace),2025-01-25,23:20:34,-08:00,2025-01-25T23:20:34-08:00,0,18
style.css,12,css,6be0f658,Kaijie Zhang (Laplace),2025-01-17,20:06:07,-08:00,2025-01-17T20:06:07-08:00,0,0
style.css,13,css,6be0f658,Kaijie Zhang (Laplace),2025-01-17,20:06:07,-08:00,2025-01-17T20:06:07-08:00,0,15
style.css,14,css,6be0f658,Kaijie Zhang (Laplace),2025-01-17,20:06:07,-08:00,2025-01-17T20:06:07-08:00,0,17
style.css,15,css,6be0f658,Kaijie Zhang (Laplace),2025-01-17,20:06:07,-08:00,2025-01-17T20:06:07-08:00,0,0
style.css,16,css,6be0f658,Kaijie Zhang (Laplace),2025-01-17,20:06:07,-08:00,2025-01-17T20:06:07-08:00,0,0
style.css,17,css,6be0f658,Kaijie Zhang (Laplace),2025-01-17,20:06:07,-08:00,2025-01-17T20:06:07-08:00,0,4
style.css,18,css,6be0f658,Kaijie Zhang (Laplace),2025-01-17,20:06:07,-08:00,2025-01-17T20:06:07-08:00,0,13
style.css,19,css,6be0f658,Kaijie Zhang (Laplace),2025-01-17,20:06:07,-08:00,2025-01-17T20:06:07-08:00,0,18
style.css,20,css,b1548763,Kaijie Zhang (Laplace),2025-01-25,23:20:34,-08:00,2025-01-25T23:20:34-08:00,0,40
style.css,21,css,b1548763,Kaijie Zhang (Laplace),2025-01-25,23:20:34,-08:00,2025-01-25T23:20:34-08:00,0,44
style.css,22,css,6be0f658,Kaijie Zhang (Laplace),2025-01-17,20:06:07,-08:00,2025-01-17T20:06:07-08:00,0,0
style.css,23,css,6be0f658,Kaijie Zhang (Laplace),2025-01-17,20:06:07,-08:00,2025-01-17T20:06:07-08:00,0,0
style.css,24,css,6be0f658,Kaijie Zhang (Laplace),2025-01-17,20:06:07,-08:00,2025-01-17T20:06:07-08:00,0,6
style.css,25,css,6be0f658,Kaijie Zhang (Laplace),2025-01-17,20:06:07,-08:00,2025-01-17T20:06:07-08:00,0,7
style.css,26,css,6be0f658,Kaijie Zhang (Laplace),2025-01-17,20:06:07,-08:00,2025-01-17T20:06:07-08:00,0,21
style.css,27,css,6be0f658,Kaijie Zhang (Laplace),2025-01-17,20:06:07,-08:00,2025-01-17T20:06:07-08:00,0,14
style.css,28,css,6be0f658,Kaijie Zhang (Laplace),2025-01-17,20:06:07,-08:00,2025-01-17T20:06:07-08:00,0,18
style.css,29,css,6be0f658,Kaijie Zhang (Laplace),2025-01-17,20:06:07,-08:00,2025-01-17T20:06:07-08:00,0,14
style.css,30,css,6be0f658,Kaijie Zhang (Laplace),2025-01-17,20:06:07,-08:00,2025-01-17T20:06:07-08:00,0,0
style.css,31,css,6be0f658,Kaijie Zhang (Laplace),2025-01-17,20:06:07,-08:00,2025-01-17T20:06:07-08:00,0,0
style.css,32,css,b1548763,Kaijie Zhang (Laplace),2025-01-25,23:20:34,-08:00,2025-01-25T23:20:34-08:00,0,14
style.css,33,css,b1548763,Kaijie Zhang (Laplace),2025-01-25,23:20:34,-08:00,2025-01-25T23:20:34-08:00,0,46
style.css,34,css,6be0f658,Kaijie Zhang (Laplace),2025-01-17,20:06:07,-08:00,2025-01-17T20:06:07-08:00,0,21
style.css,35,css,6be0f658,Kaijie Zhang (Laplace),2025-01-17,20:06:07,-08:00,2025-01-17T20:06:07-08:00,0,0
style.css,36,css,6be0f658,Kaijie Zhang (Laplace),2025-01-17,20:06:07,-08:00,2025-01-17T20:06:07-08:00,0,0
style.css,37,css,6be0f658,Kaijie Zhang (Laplace),2025-01-17,20:06:07,-08:00,2025-01-17T20:06:07-08:00,0,12
style.css,38,css,6be0f658,Kaijie Zhang (Laplace),2025-01-17,20:06:07,-08:00,2025-01-17T20:06:07-08:00,0,46
style.css,39,css,6be0f658,Kaijie Zhang (Laplace),2025-01-17,20:06:07,-08:00,2025-01-17T20:06:07-08:00,0,21
style.css,40,css,6be0f658,Kaijie Zhang (Laplace),2025-01-17,20:06:07,-08:00,2025-01-17T20:06:07-08:00,0,49
style.css,41,css,6be0f658,Kaijie Zhang (Laplace),2025-01-17,20:06:07,-08:00,2025-01-17T20:06:07-08:00,0,0
style.css,42,css,6be0f658,Kaijie Zhang (Laplace),2025-01-17,20:06:07,-08:00,2025-01-17T20:06:07-08:00,0,0
style.css,43,css,6be0f658,Kaijie Zhang (Laplace),2025-01-17,20:06:07,-08:00,2025-01-17T20:06:07-08:00,0,0
style.css,44,css,6be0f658,Kaijie Zhang (Laplace),2025-01-17,20:06:07,-08:00,2025-01-17T20:06:07-08:00,0,5
style.css,45,css,b1548763,Kaijie Zhang (Laplace),2025-01-25,23:20:34,-08:00,2025-01-25T23:20:34-08:00,0,17
style.css,46,css,6be0f658,Kaijie Zhang (Laplace),2025-01-17,20:06:07,-08:00,2025-01-17T20:06:07-08:00,0,13
style.css,47,css,6be0f658,Kaijie Zhang (Laplace),2025-01-17,20:06:07,-08:00,2025-01-17T20:06:07-08:00,0,31
style.css,48,css,6be0f658,Kaijie Zhang (Laplace),2025-01-17,20:06:07,-08:00,2025-01-17T20:06:07-08:00,0,8
style.css,49,css,6be0f658,Kaijie Zhang (Laplace),2025-01-17,20:06:07,-08:00,2025-01-17T20:06:07-08:00,0,16
style.css,50,css,6be0f658,Kaijie Zhang (Laplace),2025-01-17,20:06:07,-08:00,2025-01-17T20:06:07-08:00,0,14
style.css,51,css,6be0f658,Kaijie Zhang (Laplace),2025-01-17,20:06:07,-08:00,2025-01-17T20:06:07-08:00,0,0
style.css,52,css,6be0f658,Kaijie Zhang (Laplace),2025-01-17,20:06:07,-08:00,2025-01-17T20:06:07-08:00,0,0
style.css,53,css,6be0f658,Kaijie Zhang (Laplace),2025-01-17,20:06:07,-08:00,2025-01-17T20:06:07-08:00,0,10
style.css,54,css,6be0f658,Kaijie Zhang (Laplace),2025-01-17,20:06:07,-08:00,2025-01-17T20:06:07-08:00,0,14
style.css,55,css,6be0f658,Kaijie Zhang (Laplace),2025-01-17,20:06:07,-08:00,2025-01-17T20:06:07-08:00,0,14
style.css,56,css,6be0f658,Kaijie Zhang (Laplace),2025-01-17,20:06:07,-08:00,2025-01-17T20:06:07-08:00,0,11
style.css,57,css,6be0f658,Kaijie Zhang (Laplace),2025-01-17,20:06:07,-08:00,2025-01-17T20:06:07-08:00,0,22
style.css,58,css,6be0f658,Kaijie Zhang (Laplace),2025-01-17,20:06:07,-08:00,2025-01-17T20:06:07-08:00,0,0
style.css,59,css,6be0f658,Kaijie Zhang (Laplace),2025-01-17,20:06:07,-08:00,2025-01-17T20:06:07-08:00,0,0
style.css,60,css,6be0f658,Kaijie Zhang (Laplace),2025-01-17,20:06:07,-08:00,2025-01-17T20:06:07-08:00,0,12
style.css,61,css,6be0f658,Kaijie Zhang (Laplace),2025-01-17,20:06:07,-08:00,2025-01-17T20:06:07-08:00,0,13
style.css,62,css,6be0f658,Kaijie Zhang (Laplace),2025-01-17,20:06:07,-08:00,2025-01-17T20:06:07-08:00,0,11
style.css,63,css,6be0f658,Kaijie Zhang (Laplace),2025-01-17,20:06:07,-08:00,2025-01-17T20:06:07-08:00,0,18
style.css,64,css,6be0f658,Kaijie Zhang (Laplace),2025-01-17,20:06:07,-08:00,2025-01-17T20:06:07-08:00,0,22
style.css,65,css,6be0f658,Kaijie Zhang (Laplace),2025-01-17,20:06:07,-08:00,2025-01-17T20:06:07-08:00,0,19
style.css,66,css,6be0f658,Kaijie Zhang (Laplace),2025-01-17,20:06:07,-08:00,2025-01-17T20:06:07-08:00,0,0
style.css,67,css,6be0f658,Kaijie Zhang (Laplace),2025-01-17,20:06:07,-08:00,2025-01-17T20:06:07-08:00,0,6
style.css,68,css,6be0f658,Kaijie Zhang (Laplace),2025-01-17,20:06:07,-08:00,2025-01-17T20:06:07-08:00,0,17
style.css,69,css,6be0f658,Kaijie Zhang (Laplace),2025-01-17,20:06:07,-08:00,2025-01-17T20:06:07-08:00,0,14
style.css,70,css,6be0f658,Kaijie Zhang (Laplace),2025-01-17,20:06:07,-08:00,2025-01-17T20:06:07-08:00,0,19
style.css,71,css,6be0f658,Kaijie Zhang (Laplace),2025-01-17,20:06:07,-08:00,2025-01-17T20:06:07-08:00,0,18
style.css,72,css,6be0f658,Kaijie Zhang (Laplace),2025-01-17,20:06:07,-08:00,2025-01-17T20:06:07-08:00,0,0
style.css,73,css,6be0f658,Kaijie Zhang (Laplace),2025-01-17,20:06:07,-08:00,2025-01-17T20:06:07-08:00,0,0
style.css,74,css,b1548763,Kaijie Zhang (Laplace),2025-01-25,23:20:34,-08:00,2025-01-25T23:20:34-08:00,0,8
style.css,75,css,b1548763,Kaijie Zhang (Laplace),2025-01-25,23:20:34,-08:00,2025-01-25T23:20:34-08:00,0,17
style.css,76,css,b1548763,Kaijie Zhang (Laplace),2025-01-25,23:20:34,-08:00,2025-01-25T23:20:34-08:00,0,14
style.css,77,css,b1548763,Kaijie Zhang (Laplace),2025-01-25,23:20:34,-08:00,2025-01-25T23:20:34-08:00,0,19
style.css,78,css,b1548763,Kaijie Zhang (Laplace),2025-01-25,23:20:34,-08:00,2025-01-25T23:20:34-08:00,0,18
style.css,79,css,b1548763,Kaijie Zhang (Laplace),2025-01-25,23:20:34,-08:00,2025-01-25T23:20:34-08:00,0,0
style.css,80,css,b1548763,Kaijie Zhang (Laplace),2025-01-25,23:20:34,-08:00,2025-01-25T23:20:34-08:00,0,0
style.css,81,css,6be0f658,Kaijie Zhang (Laplace),2025-01-17,20:06:07,-08:00,2025-01-17T20:06:07-08:00,0,10
style.css,82,css,6be0f658,Kaijie Zhang (Laplace),2025-01-17,20:06:07,-08:00,2025-01-17T20:06:07-08:00,0,13
style.css,83,css,6be0f658,Kaijie Zhang (Laplace),2025-01-17,20:06:07,-08:00,2025-01-17T20:06:07-08:00,0,59
style.css,84,css,6be0f658,Kaijie Zhang (Laplace),2025-01-17,20:06:07,-08:00,2025-01-17T20:06:07-08:00,0,10
style.css,85,css,6be0f658,Kaijie Zhang (Laplace),2025-01-17,20:06:07,-08:00,2025-01-17T20:06:07-08:00,0,0
style.css,86,css,6be0f658,Kaijie Zhang (Laplace),2025-01-17,20:06:07,-08:00,2025-01-17T20:06:07-08:00,0,0
style.css,87,css,6be0f658,Kaijie Zhang (Laplace),2025-01-17,20:06:07,-08:00,2025-01-17T20:06:07-08:00,0,17
style.css,88,css,6be0f658,Kaijie Zhang (Laplace),2025-01-17,20:06:07,-08:00,2025-01-17T20:06:07-08:00,0,13
style.css,89,css,6be0f658,Kaijie Zhang (Laplace),2025-01-17,20:06:07,-08:00,2025-01-17T20:06:07-08:00,0,27
style.css,90,css,6be0f658,Kaijie Zhang (Laplace),2025-01-17,20:06:07,-08:00,2025-01-17T20:06:07-08:00,0,8
style.css,91,css,6be0f658,Kaijie Zhang (Laplace),2025-01-17,20:06:07,-08:00,2025-01-17T20:06:07-08:00,0,16
style.css,92,css,6be0f658,Kaijie Zhang (Laplace),2025-01-17,20:06:07,-08:00,2025-01-17T20:06:07-08:00,0,0
style.css,93,css,6be0f658,Kaijie Zhang (Laplace),2025-01-17,20:06:07,-08:00,2025-01-17T20:06:07-08:00,0,21
style.css,94,css,6be0f658,Kaijie Zhang (Laplace),2025-01-17,20:06:07,-08:00,2025-01-17T20:06:07-08:00,0,9
style.css,95,css,6be0f658,Kaijie Zhang (Laplace),2025-01-17,20:06:07,-08:00,2025-01-17T20:06:07-08:00,0,0
style.css,96,css,6be0f658,Kaijie Zhang (Laplace),2025-01-17,20:06:07,-08:00,2025-01-17T20:06:07-08:00,0,0
style.css,97,css,6be0f658,Kaijie Zhang (Laplace),2025-01-17,20:06:07,-08:00,2025-01-17T20:06:07-08:00,0,3
style.css,98,css,6be0f658,Kaijie Zhang (Laplace),2025-01-17,20:06:07,-08:00,2025-01-17T20:06:07-08:00,0,15
style.css,99,css,6be0f658,Kaijie Zhang (Laplace),2025-01-17,20:06:07,-08:00,2025-01-17T20:06:07-08:00,0,18
style.css,100,css,6be0f658,Kaijie Zhang (Laplace),2025-01-17,20:06:07,-08:00,2025-01-17T20:06:07-08:00,0,0
style.css,101,css,6be0f658,Kaijie Zhang (Laplace),2025-01-17,20:06:07,-08:00,2025-01-17T20:06:07-08:00,0,0
style.css,102,css,6be0f658,Kaijie Zhang (Laplace),2025-01-17,20:06:07,-08:00,2025-01-17T20:06:07-08:00,0,23
style.css,103,css,6be0f658,Kaijie Zhang (Laplace),2025-01-17,20:06:07,-08:00,2025-01-17T20:06:07-08:00,0,16
style.css,104,css,6be0f658,Kaijie Zhang (Laplace),2025-01-17,20:06:07,-08:00,2025-01-17T20:06:07-08:00,0,18
style.css,105,css,b1548763,Kaijie Zhang (Laplace),2025-01-25,23:20:34,-08:00,2025-01-25T23:20:34-08:00,0,0
style.css,106,css,b1548763,Kaijie Zhang (Laplace),2025-01-25,23:20:34,-08:00,2025-01-25T23:20:34-08:00,0,0
style.css,107,css,b1548763,Kaijie Zhang (Laplace),2025-01-25,23:20:34,-08:00,2025-01-25T23:20:34-08:00,0,5
style.css,108,css,b1548763,Kaijie Zhang (Laplace),2025-01-25,23:20:34,-08:00,2025-01-25T23:20:34-08:00,0,24
style.css,109,css,b1548763,Kaijie Zhang (Laplace),2025-01-25,23:20:34,-08:00,2025-01-25T23:20:34-08:00,0,0
style.css,110,css,b1548763,Kaijie Zhang (Laplace),2025-01-25,23:20:34,-08:00,2025-01-25T23:20:34-08:00,0,0
style.css,111,css,b1548763,Kaijie Zhang (Laplace),2025-01-25,23:20:34,-08:00,2025-01-25T23:20:34-08:00,0,4
style.css,112,css,b1548763,Kaijie Zhang (Laplace),2025-01-25,23:20:34,-08:00,2025-01-25T23:20:34-08:00,0,40
style.css,113,css,b1548763,Kaijie Zhang (Laplace),2025-01-25,23:20:34,-08:00,2025-01-25T23:20:34-08:00,0,44
style.css,114,css,b1548763,Kaijie Zhang (Laplace),2025-01-25,23:20:34,-08:00,2025-01-25T23:20:34-08:00,0,0
style.css,115,css,b1548763,Kaijie Zhang (Laplace),2025-01-25,23:20:34,-08:00,2025-01-25T23:20:34-08:00,0,0
style.css,116,css,b1548763,Kaijie Zhang (Laplace),2025-01-25,23:20:34,-08:00,2025-01-25T23:20:34-08:00,0,12
style.css,117,css,b1548763,Kaijie Zhang (Laplace),2025-01-25,23:20:34,-08:00,2025-01-25T23:20:34-08:00,0,70
style.css,118,css,b1548763,Kaijie Zhang (Laplace),2025-01-25,23:20:34,-08:00,2025-01-25T23:20:34-08:00,0,0
style.css,119,css,b1548763,Kaijie Zhang (Laplace),2025-01-25,23:20:34,-08:00,2025-01-25T23:20:34-08:00,0,0
style.css,120,css,b1548763,Kaijie Zhang (Laplace),2025-01-25,23:20:34,-08:00,2025-01-25T23:20:34-08:00,0,14
style.css,121,css,b1548763,Kaijie Zhang (Laplace),2025-01-25,23:20:34,-08:00,2025-01-25T23:20:34-08:00,0,26
style.css,122,css,b1548763,Kaijie Zhang (Laplace),2025-01-25,23:20:34,-08:00,2025-01-25T23:20:34-08:00,0,20
style.css,123,css,b1548763,Kaijie Zhang (Laplace),2025-01-25,23:20:34,-08:00,2025-01-25T23:20:34-08:00,0,22
style.css,124,css,b1548763,Kaijie Zhang (Laplace),2025-01-25,23:20:34,-08:00,2025-01-25T23:20:34-08:00,0,14
style.css,125,css,b1548763,Kaijie Zhang (Laplace),2025-01-25,23:20:34,-08:00,2025-01-25T23:20:34-08:00,0,20
style.css,126,css,b1548763,Kaijie Zhang (Laplace),2025-01-25,23:20:34,-08:00,2025-01-25T23:20:34-08:00,0,13
style.css,127,css,b1548763,Kaijie Zhang (Laplace),2025-01-25,23:20:34,-08:00,2025-01-25T23:20:34-08:00,0,0
style.css,128,css,b1548763,Kaijie Zhang (Laplace),2025-01-25,23:20:34,-08:00,2025-01-25T23:20:34-08:00,0,0
style.css,129,css,b1548763,Kaijie Zhang (Laplace),2025-01-25,23:20:34,-08:00,2025-01-25T23:20:34-08:00,0,0
style.css,130,css,b1548763,Kaijie Zhang (Laplace),2025-01-25,23:20:34,-08:00,2025-01-25T23:20:34-08:00,0,21
style.css,131,css,b1548763,Kaijie Zhang (Laplace),2025-01-25,23:20:34,-08:00,2025-01-25T23:20:34-08:00,0,9
style.css,132,css,b1548763,Kaijie Zhang (Laplace),2025-01-25,23:20:34,-08:00,2025-01-25T23:20:34-08:00,0,15
style.css,133,css,b1548763,Kaijie Zhang (Laplace),2025-01-25,23:20:34,-08:00,2025-01-25T23:20:34-08:00,0,15
style.css,134,css,b1548763,Kaijie Zhang (Laplace),2025-01-25,23:20:34,-08:00,2025-01-25T23:20:34-08:00,0,14
style.css,135,css,b1548763,Kaijie Zhang (Laplace),2025-01-25,23:20:34,-08:00,2025-01-25T23:20:34-08:00,0,0
style.css,136,css,b1548763,Kaijie Zhang (Laplace),2025-01-25,23:20:34,-08:00,2025-01-25T23:20:34-08:00,0,0
style.css,137,css,0f1cd9da,Kaijie Zhang (Laplace),2025-01-31,07:27:08,-08:00,2025-01-31T07:27:08-08:00,0,14
style.css,138,css,0f1cd9da,Kaijie Zhang (Laplace),2025-01-31,07:27:08,-08:00,2025-01-31T07:27:08-08:00,0,13
style.css,139,css,0f1cd9da,Kaijie Zhang (Laplace),2025-01-31,07:27:08,-08:00,2025-01-31T07:27:08-08:00,0,49
style.css,140,css,0f1cd9da,Kaijie Zhang (Laplace),2025-01-31,07:27:08,-08:00,2025-01-31T07:27:08-08:00,0,18
style.css,141,css,0f1cd9da,Kaijie Zhang (Laplace),2025-01-31,07:27:08,-08:00,2025-01-31T07:27:08-08:00,0,16
style.css,142,css,0f1cd9da,Kaijie Zhang (Laplace),2025-01-31,07:27:08,-08:00,2025-01-31T07:27:08-08:00,0,17
style.css,143,css,0f1cd9da,Kaijie Zhang (Laplace),2025-01-31,07:27:08,-08:00,2025-01-31T07:27:08-08:00,0,9
style.css,144,css,0f1cd9da,Kaijie Zhang (Laplace),2025-01-31,07:27:08,-08:00,2025-01-31T07:27:08-08:00,0,0
style.css,145,css,0f1cd9da,Kaijie Zhang (Laplace),2025-01-31,07:27:08,-08:00,2025-01-31T07:27:08-08:00,0,0
style.css,146,css,0f1cd9da,Kaijie Zhang (Laplace),2025-01-31,07:27:08,-08:00,2025-01-31T07:27:08-08:00,0,18
style.css,147,css,0f1cd9da,Kaijie Zhang (Laplace),2025-01-31,07:27:08,-08:00,2025-01-31T07:27:08-08:00,0,13
style.css,148,css,0f1cd9da,Kaijie Zhang (Laplace),2025-01-31,07:27:08,-08:00,2025-01-31T07:27:08-08:00,0,22
style.css,149,css,0f1cd9da,Kaijie Zhang (Laplace),2025-01-31,07:27:08,-08:00,2025-01-31T07:27:08-08:00,0,19
style.css,150,css,0f1cd9da,Kaijie Zhang (Laplace),2025-01-31,07:27:08,-08:00,2025-01-31T07:27:08-08:00,0,23
style.css,151,css,0f1cd9da,Kaijie Zhang (Laplace),2025-01-31,07:27:08,-08:00,2025-01-31T07:27:08-08:00,0,0
style.css,152,css,0f1cd9da,Kaijie Zhang (Laplace),2025-01-31,07:27:08,-08:00,2025-01-31T07:27:08-08:00,0,0
style.css,153,css,0f1cd9da,Kaijie Zhang (Laplace),2025-01-31,07:27:08,-08:00,2025-01-31T07:27:08-08:00,0,17
style.css,154,css,0f1cd9da,Kaijie Zhang (Laplace),2025-01-31,07:27:08,-08:00,2025-01-31T07:27:08-08:00,0,15
style.css,155,css,0f1cd9da,Kaijie Zhang (Laplace),2025-01-31,07:27:08,-08:00,2025-01-31T07:27:08-08:00,0,17
style.css,156,css,0f1cd9da,Kaijie Zhang (Laplace),2025-01-31,07:27:08,-08:00,2025-01-31T07:27:08-08:00,0,25
style.css,157,css,0f1cd9da,Kaijie Zhang (Laplace),2025-01-31,07:27:08,-08:00,2025-01-31T07:27:08-08:00,0,11
style.css,158,css,0f1cd9da,Kaijie Zhang (Laplace),2025-01-31,07:27:08,-08:00,2025-01-31T07:27:08-08:00,0,0
style.css,159,css,0f1cd9da,Kaijie Zhang (Laplace),2025-01-31,07:27:08,-08:00,2025-01-31T07:27:08-08:00,0,0
style.css,160,css,0f1cd9da,Kaijie Zhang (Laplace),2025-01-31,07:27:08,-08:00,2025-01-31T07:27:08-08:00,0,17
style.css,161,css,0f1cd9da,Kaijie Zhang (Laplace),2025-01-31,07:27:08,-08:00,2025-01-31T07:27:08-08:00,0,15
style.css,162,css,0f1cd9da,Kaijie Zhang (Laplace),2025-01-31,07:27:08,-08:00,2025-01-31T07:27:08-08:00,0,17
style.css,163,css,0f1cd9da,Kaijie Zhang (Laplace),2025-01-31,07:27:08,-08:00,2025-01-31T07:27:08-08:00,0,13
style.css,164,css,0f1cd9da,Kaijie Zhang (Laplace),2025-01-31,07:27:08,-08:00,2025-01-31T07:27:08-08:00,0,11
style.css,165,css,0f1cd9da,Kaijie Zhang (Laplace),2025-01-31,07:27:08,-08:00,2025-01-31T07:27:08-08:00,0,0
style.css,166,css,b5cb95e7,Kaijie Zhang (Laplace),2025-01-31,17:38:25,-08:00,2025-01-31T17:38:25-08:00,0,0
index.js,1,js,0f1cd9da,Kaijie Zhang (Laplace),2025-01-31,07:27:08,-08:00,2025-01-31T07:27:08-08:00,0,71
index.js,2,js,0f1cd9da,Kaijie Zhang (Laplace),2025-01-31,07:27:08,-08:00,2025-01-31T07:27:08-08:00,0,0
index.js,3,js,0f1cd9da,Kaijie Zhang (Laplace),2025-01-31,07:27:08,-08:00,2025-01-31T07:27:08-08:00,0,58
index.js,4,js,0f1cd9da,Kaijie Zhang (Laplace),2025-01-31,07:27:08,-08:00,2025-01-31T07:27:08-08:00,0,61
index.js,5,js,0f1cd9da,Kaijie Zhang (Laplace),2025-01-31,07:27:08,-08:00,2025-01-31T07:27:08-08:00,0,61
index.js,6,js,0f1cd9da,Kaijie Zhang (Laplace),2025-01-31,07:27:08,-08:00,2025-01-31T07:27:08-08:00,0,0
index.js,7,js,0f1cd9da,Kaijie Zhang (Laplace),2025-01-31,07:27:08,-08:00,2025-01-31T07:27:08-08:00,0,0
index.js,8,js,0f1cd9da,Kaijie Zhang (Laplace),2025-01-31,07:27:08,-08:00,2025-01-31T07:27:08-08:00,0,24
index.js,9,js,0f1cd9da,Kaijie Zhang (Laplace),2025-01-31,07:27:08,-08:00,2025-01-31T07:27:08-08:00,0,54
index.js,10,js,0f1cd9da,Kaijie Zhang (Laplace),2025-01-31,07:27:08,-08:00,2025-01-31T07:27:08-08:00,0,6
index.js,11,js,0f1cd9da,Kaijie Zhang (Laplace),2025-01-31,07:27:08,-08:00,2025-01-31T07:27:08-08:00,0,0
index.js,12,js,0f1cd9da,Kaijie Zhang (Laplace),2025-01-31,07:27:08,-08:00,2025-01-31T07:27:08-08:00,0,0
index.js,13,js,0f1cd9da,Kaijie Zhang (Laplace),2025-01-31,07:27:08,-08:00,2025-01-31T07:27:08-08:00,0,55
index.js,14,js,0f1cd9da,Kaijie Zhang (Laplace),2025-01-31,07:27:08,-08:00,2025-01-31T07:27:08-08:00,0,0
index.js,15,js,0f1cd9da,Kaijie Zhang (Laplace),2025-01-31,07:27:08,-08:00,2025-01-31T07:27:08-08:00,0,37
index.js,16,js,0f1cd9da,Kaijie Zhang (Laplace),2025-01-31,07:27:08,-08:00,2025-01-31T07:27:08-08:00,0,0
index.js,17,js,0f1cd9da,Kaijie Zhang (Laplace),2025-01-31,07:27:08,-08:00,2025-01-31T07:27:08-08:00,0,43
index.js,18,js,0f1cd9da,Kaijie Zhang (Laplace),2025-01-31,07:27:08,-08:00,2025-01-31T07:27:08-08:00,0,0
index.js,19,js,0f1cd9da,Kaijie Zhang (Laplace),2025-01-31,07:27:08,-08:00,2025-01-31T07:27:08-08:00,0,55
index.js,20,js,0f1cd9da,Kaijie Zhang (Laplace),2025-01-31,07:27:08,-08:00,2025-01-31T07:27:08-08:00,0,7
index.js,21,js,0f1cd9da,Kaijie Zhang (Laplace),2025-01-31,07:27:08,-08:00,2025-01-31T07:27:08-08:00,0,61
index.js,22,js,0f1cd9da,Kaijie Zhang (Laplace),2025-01-31,07:27:08,-08:00,2025-01-31T07:27:08-08:00,0,0
index.js,23,js,0f1cd9da,Kaijie Zhang (Laplace),2025-01-31,07:27:08,-08:00,2025-01-31T07:27:08-08:00,0,0
index.js,24,js,0f1cd9da,Kaijie Zhang (Laplace),2025-01-31,07:27:08,-08:00,2025-01-31T07:27:08-08:00,0,56
index.js,25,js,0f1cd9da,Kaijie Zhang (Laplace),2025-01-31,07:27:08,-08:00,2025-01-31T07:27:08-08:00,0,0
index.js,26,js,0f1cd9da,Kaijie Zhang (Laplace),2025-01-31,07:27:08,-08:00,2025-01-31T07:27:08-08:00,0,16
index.js,27,js,0f1cd9da,Kaijie Zhang (Laplace),2025-01-31,07:27:08,-08:00,2025-01-31T07:27:08-08:00,0,25
index.js,28,js,0f1cd9da,Kaijie Zhang (Laplace),2025-01-31,07:27:08,-08:00,2025-01-31T07:27:08-08:00,0,24
index.js,29,js,0f1cd9da,Kaijie Zhang (Laplace),2025-01-31,07:27:08,-08:00,2025-01-31T07:27:08-08:00,0,4
index.js,30,js,0f1cd9da,Kaijie Zhang (Laplace),2025-01-31,07:27:08,-08:00,2025-01-31T07:27:08-08:00,0,17
index.js,31,js,0f1cd9da,Kaijie Zhang (Laplace),2025-01-31,07:27:08,-08:00,2025-01-31T07:27:08-08:00,0,31
index.js,32,js,0f1cd9da,Kaijie Zhang (Laplace),2025-01-31,07:27:08,-08:00,2025-01-31T07:27:08-08:00,0,5
index.js,33,js,0f1cd9da,Kaijie Zhang (Laplace),2025-01-31,07:27:08,-08:00,2025-01-31T07:27:08-08:00,0,4
index.js,34,js,0f1cd9da,Kaijie Zhang (Laplace),2025-01-31,07:27:08,-08:00,2025-01-31T07:27:08-08:00,0,17
index.js,35,js,0f1cd9da,Kaijie Zhang (Laplace),2025-01-31,07:27:08,-08:00,2025-01-31T07:27:08-08:00,0,31
index.js,36,js,0f1cd9da,Kaijie Zhang (Laplace),2025-01-31,07:27:08,-08:00,2025-01-31T07:27:08-08:00,0,5
index.js,37,js,0f1cd9da,Kaijie Zhang (Laplace),2025-01-31,07:27:08,-08:00,2025-01-31T07:27:08-08:00,0,4
index.js,38,js,0f1cd9da,Kaijie Zhang (Laplace),2025-01-31,07:27:08,-08:00,2025-01-31T07:27:08-08:00,0,20
index.js,39,js,0f1cd9da,Kaijie Zhang (Laplace),2025-01-31,07:27:08,-08:00,2025-01-31T07:27:08-08:00,0,34
index.js,40,js,0f1cd9da,Kaijie Zhang (Laplace),2025-01-31,07:27:08,-08:00,2025-01-31T07:27:08-08:00,0,5
index.js,41,js,0f1cd9da,Kaijie Zhang (Laplace),2025-01-31,07:27:08,-08:00,2025-01-31T07:27:08-08:00,0,4
index.js,42,js,0f1cd9da,Kaijie Zhang (Laplace),2025-01-31,07:27:08,-08:00,2025-01-31T07:27:08-08:00,0,20
index.js,43,js,0f1cd9da,Kaijie Zhang (Laplace),2025-01-31,07:27:08,-08:00,2025-01-31T07:27:08-08:00,0,34
index.js,44,js,0f1cd9da,Kaijie Zhang (Laplace),2025-01-31,07:27:08,-08:00,2025-01-31T07:27:08-08:00,0,5
index.js,45,js,0f1cd9da,Kaijie Zhang (Laplace),2025-01-31,07:27:08,-08:00,2025-01-31T07:27:08-08:00,0,4
index.js,46,js,0f1cd9da,Kaijie Zhang (Laplace),2025-01-31,07:27:08,-08:00,2025-01-31T07:27:08-08:00,0,1
index.js,47,js,0f1cd9da,Kaijie Zhang (Laplace),2025-01-31,07:27:08,-08:00,2025-01-31T07:27:08-08:00,0,7
index.js,48,js,0f1cd9da,Kaijie Zhang (Laplace),2025-01-31,07:27:08,-08:00,2025-01-31T07:27:08-08:00,0,61
index.js,49,js,0f1cd9da,Kaijie Zhang (Laplace),2025-01-31,07:27:08,-08:00,2025-01-31T07:27:08-08:00,0,0
index.js,50,js,0f1cd9da,Kaijie Zhang (Laplace),2025-01-31,07:27:08,-08:00,2025-01-31T07:27:08-08:00,0,0
index.js,51,js,0f1cd9da,Kaijie Zhang (Laplace),2025-01-31,07:27:08,-08:00,2025-01-31T07:27:08-08:00,0,2
index.js,52,js,0f1cd9da,Kaijie Zhang (Laplace),2025-01-31,07:27:08,-08:00,2025-01-31T07:27:08-08:00,0,0
index.html,1,html,e24ed3c2,jackyzhangkaijie@outlook.com,2025-01-10,12:29:30,-08:00,2025-01-10T12:29:30-08:00,0,14
index.html,2,html,b1548763,Kaijie Zhang (Laplace),2025-01-25,23:20:34,-08:00,2025-01-25T23:20:34-08:00,0,28
index.html,3,html,e24ed3c2,jackyzhangkaijie@outlook.com,2025-01-10,12:29:30,-08:00,2025-01-10T12:29:30-08:00,0,5
index.html,4,html,e24ed3c2,jackyzhangkaijie@outlook.com,2025-01-10,12:29:30,-08:00,2025-01-10T12:29:30-08:00,0,21
index.html,5,html,e24ed3c2,jackyzhangkaijie@outlook.com,2025-01-10,12:29:30,-08:00,2025-01-10T12:29:30-08:00,0,69
index.html,6,html,e24ed3c2,jackyzhangkaijie@outlook.com,2025-01-10,12:29:30,-08:00,2025-01-10T12:29:30-08:00,0,55
index.html,7,html,c6a3ad04,jackyzhangkaijie@outlook.com,2025-01-10,18:59:56,-08:00,2025-01-10T18:59:56-08:00,0,41
index.html,8,html,b1548763,Kaijie Zhang (Laplace),2025-01-25,23:20:34,-08:00,2025-01-25T23:20:34-08:00,0,46
index.html,9,html,0f1cd9da,Kaijie Zhang (Laplace),2025-01-31,07:27:08,-08:00,2025-01-31T07:27:08-08:00,0,0
index.html,10,html,e24ed3c2,jackyzhangkaijie@outlook.com,2025-01-10,12:29:30,-08:00,2025-01-10T12:29:30-08:00,0,6
index.html,11,html,e24ed3c2,jackyzhangkaijie@outlook.com,2025-01-10,12:29:30,-08:00,2025-01-10T12:29:30-08:00,0,5
index.html,12,html,b1548763,Kaijie Zhang (Laplace),2025-01-25,23:20:34,-08:00,2025-01-25T23:20:34-08:00,0,0
index.html,13,html,3198589a,jackyzhangkaijie@outlook.com,2025-01-10,22:30:48,-08:00,2025-01-10T22:30:48-08:00,0,0
index.html,14,html,3198589a,jackyzhangkaijie@outlook.com,2025-01-10,22:30:48,-08:00,2025-01-10T22:30:48-08:00,0,0
index.html,15,html,c6a3ad04,jackyzhangkaijie@outlook.com,2025-01-10,18:59:56,-08:00,2025-01-10T18:59:56-08:00,0,20
index.html,16,html,c6a3ad04,jackyzhangkaijie@outlook.com,2025-01-10,18:59:56,-08:00,2025-01-10T18:59:56-08:00,0,2
index.html,17,html,77972d07,jackyzhangkaijie@outlook.com,2025-01-10,23:12:25,-08:00,2025-01-10T23:12:25-08:00,0,121
index.html,18,html,77972d07,jackyzhangkaijie@outlook.com,2025-01-10,23:12:25,-08:00,2025-01-10T23:12:25-08:00,0,3
index.html,19,html,77972d07,jackyzhangkaijie@outlook.com,2025-01-10,23:12:25,-08:00,2025-01-10T23:12:25-08:00,0,2
index.html,20,html,77972d07,jackyzhangkaijie@outlook.com,2025-01-10,23:12:25,-08:00,2025-01-10T23:12:25-08:00,0,124
index.html,21,html,c6a3ad04,jackyzhangkaijie@outlook.com,2025-01-10,18:59:56,-08:00,2025-01-10T18:59:56-08:00,0,3
index.html,22,html,c6a3ad04,jackyzhangkaijie@outlook.com,2025-01-10,18:59:56,-08:00,2025-01-10T18:59:56-08:00,0,83
index.html,23,html,77972d07,jackyzhangkaijie@outlook.com,2025-01-10,23:12:25,-08:00,2025-01-10T23:12:25-08:00,0,2
index.html,24,html,77972d07,jackyzhangkaijie@outlook.com,2025-01-10,23:12:25,-08:00,2025-01-10T23:12:25-08:00,0,101
index.html,25,html,77972d07,jackyzhangkaijie@outlook.com,2025-01-10,23:12:25,-08:00,2025-01-10T23:12:25-08:00,0,3
index.html,26,html,0f1cd9da,Kaijie Zhang (Laplace),2025-01-31,07:27:08,-08:00,2025-01-31T07:27:08-08:00,0,0
index.html,27,html,0f1cd9da,Kaijie Zhang (Laplace),2025-01-31,07:27:08,-08:00,2025-01-31T07:27:08-08:00,0,23
index.html,28,html,0f1cd9da,Kaijie Zhang (Laplace),2025-01-31,07:27:08,-08:00,2025-01-31T07:27:08-08:00,0,23
index.html,29,html,0f1cd9da,Kaijie Zhang (Laplace),2025-01-31,07:27:08,-08:00,2025-01-31T07:27:08-08:00,0,28
index.html,30,html,0f1cd9da,Kaijie Zhang (Laplace),2025-01-31,07:27:08,-08:00,2025-01-31T07:27:08-08:00,0,5
index.html,31,html,0f1cd9da,Kaijie Zhang (Laplace),2025-01-31,07:27:08,-08:00,2025-01-31T07:27:08-08:00,0,0
index.html,32,html,0f1cd9da,Kaijie Zhang (Laplace),2025-01-31,07:27:08,-08:00,2025-01-31T07:27:08-08:00,0,23
index.html,33,html,0f1cd9da,Kaijie Zhang (Laplace),2025-01-31,07:27:08,-08:00,2025-01-31T07:27:08-08:00,0,27
index.html,34,html,0f1cd9da,Kaijie Zhang (Laplace),2025-01-31,07:27:08,-08:00,2025-01-31T07:27:08-08:00,0,0
index.html,35,html,0f1cd9da,Kaijie Zhang (Laplace),2025-01-31,07:27:08,-08:00,2025-01-31T07:27:08-08:00,0,51
index.html,36,html,e24ed3c2,jackyzhangkaijie@outlook.com,2025-01-10,12:29:30,-08:00,2025-01-10T12:29:30-08:00,0,6
index.html,37,html,e24ed3c2,jackyzhangkaijie@outlook.com,2025-01-10,12:29:30,-08:00,2025-01-10T12:29:30-08:00,0,6
global.js,1,js,b1548763,Kaijie Zhang (Laplace),2025-01-25,23:20:34,-08:00,2025-01-25T23:20:34-08:00,0,26
global.js,2,js,b1548763,Kaijie Zhang (Laplace),2025-01-25,23:20:34,-08:00,2025-01-25T23:20:34-08:00,0,0
global.js,3,js,b1548763,Kaijie Zhang (Laplace),2025-01-25,23:20:34,-08:00,2025-01-25T23:20:34-08:00,0,42
global.js,4,js,b1548763,Kaijie Zhang (Laplace),2025-01-25,23:20:34,-08:00,2025-01-25T23:20:34-08:00,0,53
global.js,5,js,b1548763,Kaijie Zhang (Laplace),2025-01-25,23:20:34,-08:00,2025-01-25T23:20:34-08:00,0,0
global.js,6,js,b1548763,Kaijie Zhang (Laplace),2025-01-25,23:20:34,-08:00,2025-01-25T23:20:34-08:00,0,0
global.js,7,js,b1548763,Kaijie Zhang (Laplace),2025-01-25,23:20:34,-08:00,2025-01-25T23:20:34-08:00,0,12
global.js,8,js,b1548763,Kaijie Zhang (Laplace),2025-01-25,23:20:34,-08:00,2025-01-25T23:20:34-08:00,0,26
global.js,9,js,b1548763,Kaijie Zhang (Laplace),2025-01-25,23:20:34,-08:00,2025-01-25T23:20:34-08:00,0,39
global.js,10,js,b1548763,Kaijie Zhang (Laplace),2025-01-25,23:20:34,-08:00,2025-01-25T23:20:34-08:00,0,35
global.js,11,js,b1548763,Kaijie Zhang (Laplace),2025-01-25,23:20:34,-08:00,2025-01-25T23:20:34-08:00,0,37
global.js,12,js,00000000,Not Committed Yet,2025-02-08,18:39:03,-08:00,2025-02-08T18:39:03-08:00,0,31
global.js,13,js,b1548763,Kaijie Zhang (Laplace),2025-01-25,23:20:34,-08:00,2025-01-25T23:20:34-08:00,0,58
global.js,14,js,b1548763,Kaijie Zhang (Laplace),2025-01-25,23:20:34,-08:00,2025-01-25T23:20:34-08:00,0,1
global.js,15,js,b1548763,Kaijie Zhang (Laplace),2025-01-25,23:20:34,-08:00,2025-01-25T23:20:34-08:00,0,0
global.js,16,js,b1548763,Kaijie Zhang (Laplace),2025-01-25,23:20:34,-08:00,2025-01-25T23:20:34-08:00,0,71
global.js,17,js,b1548763,Kaijie Zhang (Laplace),2025-01-25,23:20:34,-08:00,2025-01-25T23:20:34-08:00,0,0
global.js,18,js,b1548763,Kaijie Zhang (Laplace),2025-01-25,23:20:34,-08:00,2025-01-25T23:20:34-08:00,0,39
global.js,19,js,b1548763,Kaijie Zhang (Laplace),2025-01-25,23:20:34,-08:00,2025-01-25T23:20:34-08:00,0,26
global.js,20,js,b1548763,Kaijie Zhang (Laplace),2025-01-25,23:20:34,-08:00,2025-01-25T23:20:34-08:00,0,0
global.js,21,js,b1548763,Kaijie Zhang (Laplace),2025-01-25,23:20:34,-08:00,2025-01-25T23:20:34-08:00,0,0
global.js,22,js,b1548763,Kaijie Zhang (Laplace),2025-01-25,23:20:34,-08:00,2025-01-25T23:20:34-08:00,0,32
global.js,23,js,b1548763,Kaijie Zhang (Laplace),2025-01-25,23:20:34,-08:00,2025-01-25T23:20:34-08:00,0,12
global.js,24,js,b1548763,Kaijie Zhang (Laplace),2025-01-25,23:20:34,-08:00,2025-01-25T23:20:34-08:00,0,0
global.js,25,js,b1548763,Kaijie Zhang (Laplace),2025-01-25,23:20:34,-08:00,2025-01-25T23:20:34-08:00,0,29
global.js,26,js,b1548763,Kaijie Zhang (Laplace),2025-01-25,23:20:34,-08:00,2025-01-25T23:20:34-08:00,0,5
global.js,27,js,b1548763,Kaijie Zhang (Laplace),2025-01-25,23:20:34,-08:00,2025-01-25T23:20:34-08:00,0,25
global.js,28,js,b1548763,Kaijie Zhang (Laplace),2025-01-25,23:20:34,-08:00,2025-01-25T23:20:34-08:00,0,44
global.js,29,js,b1548763,Kaijie Zhang (Laplace),2025-01-25,23:20:34,-08:00,2025-01-25T23:20:34-08:00,0,35
global.js,30,js,b1548763,Kaijie Zhang (Laplace),2025-01-25,23:20:34,-08:00,2025-01-25T23:20:34-08:00,0,33
global.js,31,js,b1548763,Kaijie Zhang (Laplace),2025-01-25,23:20:34,-08:00,2025-01-25T23:20:34-08:00,0,8
global.js,32,js,b1548763,Kaijie Zhang (Laplace),2025-01-25,23:20:34,-08:00,2025-01-25T23:20:34-08:00,0,9
global.js,33,js,b1548763,Kaijie Zhang (Laplace),2025-01-25,23:20:34,-08:00,2025-01-25T23:20:34-08:00,0,0
global.js,34,js,b1548763,Kaijie Zhang (Laplace),2025-01-25,23:20:34,-08:00,2025-01-25T23:20:34-08:00,0,1
global.js,35,js,b1548763,Kaijie Zhang (Laplace),2025-01-25,23:20:34,-08:00,2025-01-25T23:20:34-08:00,0,0
global.js,36,js,b1548763,Kaijie Zhang (Laplace),2025-01-25,23:20:34,-08:00,2025-01-25T23:20:34-08:00,0,21
global.js,37,js,b1548763,Kaijie Zhang (Laplace),2025-01-25,23:20:34,-08:00,2025-01-25T23:20:34-08:00,0,15
global.js,38,js,b1548763,Kaijie Zhang (Laplace),2025-01-25,23:20:34,-08:00,2025-01-25T23:20:34-08:00,0,19
global.js,39,js,b1548763,Kaijie Zhang (Laplace),2025-01-25,23:20:34,-08:00,2025-01-25T23:20:34-08:00,0,65
global.js,40,js,b1548763,Kaijie Zhang (Laplace),2025-01-25,23:20:34,-08:00,2025-01-25T23:20:34-08:00,0,35
global.js,41,js,b1548763,Kaijie Zhang (Laplace),2025-01-25,23:20:34,-08:00,2025-01-25T23:20:34-08:00,0,12
global.js,42,js,b1548763,Kaijie Zhang (Laplace),2025-01-25,23:20:34,-08:00,2025-01-25T23:20:34-08:00,0,21
global.js,43,js,b1548763,Kaijie Zhang (Laplace),2025-01-25,23:20:34,-08:00,2025-01-25T23:20:34-08:00,0,18
global.js,44,js,b1548763,Kaijie Zhang (Laplace),2025-01-25,23:20:34,-08:00,2025-01-25T23:20:34-08:00,0,9
global.js,45,js,b1548763,Kaijie Zhang (Laplace),2025-01-25,23:20:34,-08:00,2025-01-25T23:20:34-08:00,0,59
global.js,46,js,b1548763,Kaijie Zhang (Laplace),2025-01-25,23:20:34,-08:00,2025-01-25T23:20:34-08:00,0,1
global.js,47,js,b1548763,Kaijie Zhang (Laplace),2025-01-25,23:20:34,-08:00,2025-01-25T23:20:34-08:00,0,0
global.js,48,js,b1548763,Kaijie Zhang (Laplace),2025-01-25,23:20:34,-08:00,2025-01-25T23:20:34-08:00,0,30
global.js,49,js,b1548763,Kaijie Zhang (Laplace),2025-01-25,23:20:34,-08:00,2025-01-25T23:20:34-08:00,0,19
global.js,50,js,b1548763,Kaijie Zhang (Laplace),2025-01-25,23:20:34,-08:00,2025-01-25T23:20:34-08:00,0,0
global.js,51,js,b1548763,Kaijie Zhang (Laplace),2025-01-25,23:20:34,-08:00,2025-01-25T23:20:34-08:00,0,0
global.js,52,js,b1548763,Kaijie Zhang (Laplace),2025-01-25,23:20:34,-08:00,2025-01-25T23:20:34-08:00,0,13
global.js,53,js,b1548763,Kaijie Zhang (Laplace),2025-01-25,23:20:34,-08:00,2025-01-25T23:20:34-08:00,0,0
global.js,54,js,b1548763,Kaijie Zhang (Laplace),2025-01-25,23:20:34,-08:00,2025-01-25T23:20:34-08:00,0,0
global.js,55,js,b1548763,Kaijie Zhang (Laplace),2025-01-25,23:20:34,-08:00,2025-01-25T23:20:34-08:00,0,102
global.js,56,js,b1548763,Kaijie Zhang (Laplace),2025-01-25,23:20:34,-08:00,2025-01-25T23:20:34-08:00,0,37
global.js,57,js,b1548763,Kaijie Zhang (Laplace),2025-01-25,23:20:34,-08:00,2025-01-25T23:20:34-08:00,0,0
global.js,58,js,b1548763,Kaijie Zhang (Laplace),2025-01-25,23:20:34,-08:00,2025-01-25T23:20:34-08:00,0,59
global.js,59,js,b1548763,Kaijie Zhang (Laplace),2025-01-25,23:20:34,-08:00,2025-01-25T23:20:34-08:00,0,0
global.js,60,js,b1548763,Kaijie Zhang (Laplace),2025-01-25,23:20:34,-08:00,2025-01-25T23:20:34-08:00,0,28
global.js,61,js,b1548763,Kaijie Zhang (Laplace),2025-01-25,23:20:34,-08:00,2025-01-25T23:20:34-08:00,0,76
global.js,62,js,b1548763,Kaijie Zhang (Laplace),2025-01-25,23:20:34,-08:00,2025-01-25T23:20:34-08:00,0,43
global.js,63,js,b1548763,Kaijie Zhang (Laplace),2025-01-25,23:20:34,-08:00,2025-01-25T23:20:34-08:00,0,21
global.js,64,js,b1548763,Kaijie Zhang (Laplace),2025-01-25,23:20:34,-08:00,2025-01-25T23:20:34-08:00,0,0
global.js,65,js,b1548763,Kaijie Zhang (Laplace),2025-01-25,23:20:34,-08:00,2025-01-25T23:20:34-08:00,0,0
global.js,66,js,b1548763,Kaijie Zhang (Laplace),2025-01-25,23:20:34,-08:00,2025-01-25T23:20:34-08:00,0,31
global.js,67,js,b1548763,Kaijie Zhang (Laplace),2025-01-25,23:20:34,-08:00,2025-01-25T23:20:34-08:00,0,37
global.js,68,js,b1548763,Kaijie Zhang (Laplace),2025-01-25,23:20:34,-08:00,2025-01-25T23:20:34-08:00,0,28
global.js,69,js,b1548763,Kaijie Zhang (Laplace),2025-01-25,23:20:34,-08:00,2025-01-25T23:20:34-08:00,0,18
global.js,70,js,b1548763,Kaijie Zhang (Laplace),2025-01-25,23:20:34,-08:00,2025-01-25T23:20:34-08:00,0,94
global.js,71,js,b1548763,Kaijie Zhang (Laplace),2025-01-25,23:20:34,-08:00,2025-01-25T23:20:34-08:00,0,7
global.js,72,js,b1548763,Kaijie Zhang (Laplace),2025-01-25,23:20:34,-08:00,2025-01-25T23:20:34-08:00,0,45
global.js,73,js,b1548763,Kaijie Zhang (Laplace),2025-01-25,23:20:34,-08:00,2025-01-25T23:20:34-08:00,0,97
global.js,74,js,b1548763,Kaijie Zhang (Laplace),2025-01-25,23:20:34,-08:00,2025-01-25T23:20:34-08:00,0,0
global.js,75,js,b1548763,Kaijie Zhang (Laplace),2025-01-25,23:20:34,-08:00,2025-01-25T23:20:34-08:00,0,0
global.js,76,js,b1548763,Kaijie Zhang (Laplace),2025-01-25,23:20:34,-08:00,2025-01-25T23:20:34-08:00,0,43
global.js,77,js,b1548763,Kaijie Zhang (Laplace),2025-01-25,23:20:34,-08:00,2025-01-25T23:20:34-08:00,0,25
global.js,78,js,b1548763,Kaijie Zhang (Laplace),2025-01-25,23:20:34,-08:00,2025-01-25T23:20:34-08:00,0,0
global.js,79,js,b1548763,Kaijie Zhang (Laplace),2025-01-25,23:20:34,-08:00,2025-01-25T23:20:34-08:00,0,0
global.js,80,js,b1548763,Kaijie Zhang (Laplace),2025-01-25,23:20:34,-08:00,2025-01-25T23:20:34-08:00,0,55
global.js,81,js,b1548763,Kaijie Zhang (Laplace),2025-01-25,23:20:34,-08:00,2025-01-25T23:20:34-08:00,0,16
global.js,82,js,b1548763,Kaijie Zhang (Laplace),2025-01-25,23:20:34,-08:00,2025-01-25T23:20:34-08:00,0,26
global.js,83,js,b1548763,Kaijie Zhang (Laplace),2025-01-25,23:20:34,-08:00,2025-01-25T23:20:34-08:00,0,7
global.js,84,js,b1548763,Kaijie Zhang (Laplace),2025-01-25,23:20:34,-08:00,2025-01-25T23:20:34-08:00,0,32
global.js,85,js,b1548763,Kaijie Zhang (Laplace),2025-01-25,23:20:34,-08:00,2025-01-25T23:20:34-08:00,0,0
global.js,86,js,b1548763,Kaijie Zhang (Laplace),2025-01-25,23:20:34,-08:00,2025-01-25T23:20:34-08:00,0,0
global.js,87,js,b1548763,Kaijie Zhang (Laplace),2025-01-25,23:20:34,-08:00,2025-01-25T23:20:34-08:00,0,49
global.js,88,js,b1548763,Kaijie Zhang (Laplace),2025-01-25,23:20:34,-08:00,2025-01-25T23:20:34-08:00,0,34
global.js,89,js,b1548763,Kaijie Zhang (Laplace),2025-01-25,23:20:34,-08:00,2025-01-25T23:20:34-08:00,0,2
global.js,90,js,0f1cd9da,Kaijie Zhang (Laplace),2025-01-31,07:27:08,-08:00,2025-01-31T07:27:08-08:00,0,0
global.js,91,js,0f1cd9da,Kaijie Zhang (Laplace),2025-01-31,07:27:08,-08:00,2025-01-31T07:27:08-08:00,0,37
global.js,92,js,0f1cd9da,Kaijie Zhang (Laplace),2025-01-31,07:27:08,-08:00,2025-01-31T07:27:08-08:00,0,4
global.js,93,js,0f1cd9da,Kaijie Zhang (Laplace),2025-01-31,07:27:08,-08:00,2025-01-31T07:27:08-08:00,0,33
global.js,94,js,0f1cd9da,Kaijie Zhang (Laplace),2025-01-31,07:27:08,-08:00,2025-01-31T07:27:08-08:00,0,0
global.js,95,js,0f1cd9da,Kaijie Zhang (Laplace),2025-01-31,07:27:08,-08:00,2025-01-31T07:27:08-08:00,0,18
global.js,96,js,0f1cd9da,Kaijie Zhang (Laplace),2025-01-31,07:27:08,-08:00,2025-01-31T07:27:08-08:00,0,67
global.js,97,js,0f1cd9da,Kaijie Zhang (Laplace),2025-01-31,07:27:08,-08:00,2025-01-31T07:27:08-08:00,0,0
global.js,98,js,0f1cd9da,Kaijie Zhang (Laplace),2025-01-31,07:27:08,-08:00,2025-01-31T07:27:08-08:00,0,0
global.js,99,js,0f1cd9da,Kaijie Zhang (Laplace),2025-01-31,07:27:08,-08:00,2025-01-31T07:27:08-08:00,0,34
global.js,100,js,0f1cd9da,Kaijie Zhang (Laplace),2025-01-31,07:27:08,-08:00,2025-01-31T07:27:08-08:00,0,11
global.js,101,js,0f1cd9da,Kaijie Zhang (Laplace),2025-01-31,07:27:08,-08:00,2025-01-31T07:27:08-08:00,0,16
global.js,102,js,0f1cd9da,Kaijie Zhang (Laplace),2025-01-31,07:27:08,-08:00,2025-01-31T07:27:08-08:00,0,60
global.js,103,js,0f1cd9da,Kaijie Zhang (Laplace),2025-01-31,07:27:08,-08:00,2025-01-31T07:27:08-08:00,0,11
global.js,104,js,0f1cd9da,Kaijie Zhang (Laplace),2025-01-31,07:27:08,-08:00,2025-01-31T07:27:08-08:00,0,0
global.js,105,js,0f1cd9da,Kaijie Zhang (Laplace),2025-01-31,07:27:08,-08:00,2025-01-31T07:27:08-08:00,0,0
global.js,106,js,0f1cd9da,Kaijie Zhang (Laplace),2025-01-31,07:27:08,-08:00,2025-01-31T07:27:08-08:00,0,0
global.js,107,js,0f1cd9da,Kaijie Zhang (Laplace),2025-01-31,07:27:08,-08:00,2025-01-31T07:27:08-08:00,0,80
global.js,108,js,0f1cd9da,Kaijie Zhang (Laplace),2025-01-31,07:27:08,-08:00,2025-01-31T07:27:08-08:00,0,23
global.js,109,js,0f1cd9da,Kaijie Zhang (Laplace),2025-01-31,07:27:08,-08:00,2025-01-31T07:27:08-08:00,0,62
global.js,110,js,0f1cd9da,Kaijie Zhang (Laplace),2025-01-31,07:27:08,-08:00,2025-01-31T07:27:08-08:00,0,6
global.js,111,js,0f1cd9da,Kaijie Zhang (Laplace),2025-01-31,07:27:08,-08:00,2025-01-31T07:27:08-08:00,0,0
global.js,112,js,0f1cd9da,Kaijie Zhang (Laplace),2025-01-31,07:27:08,-08:00,2025-01-31T07:27:08-08:00,0,0
global.js,113,js,0f1cd9da,Kaijie Zhang (Laplace),2025-01-31,07:27:08,-08:00,2025-01-31T07:27:08-08:00,0,31
global.js,114,js,0f1cd9da,Kaijie Zhang (Laplace),2025-01-31,07:27:08,-08:00,2025-01-31T07:27:08-08:00,0,0
global.js,115,js,0f1cd9da,Kaijie Zhang (Laplace),2025-01-31,07:27:08,-08:00,2025-01-31T07:27:08-08:00,0,30
global.js,116,js,0f1cd9da,Kaijie Zhang (Laplace),2025-01-31,07:27:08,-08:00,2025-01-31T07:27:08-08:00,0,49
global.js,117,js,0f1cd9da,Kaijie Zhang (Laplace),2025-01-31,07:27:08,-08:00,2025-01-31T07:27:08-08:00,0,0
global.js,118,js,0f1cd9da,Kaijie Zhang (Laplace),2025-01-31,07:27:08,-08:00,2025-01-31T07:27:08-08:00,0,63
global.js,119,js,0f1cd9da,Kaijie Zhang (Laplace),2025-01-31,07:27:08,-08:00,2025-01-31T07:27:08-08:00,0,82
global.js,120,js,0f1cd9da,Kaijie Zhang (Laplace),2025-01-31,07:27:08,-08:00,2025-01-31T07:27:08-08:00,0,0
global.js,121,js,0f1cd9da,Kaijie Zhang (Laplace),2025-01-31,07:27:08,-08:00,2025-01-31T07:27:08-08:00,0,20
global.js,122,js,0f1cd9da,Kaijie Zhang (Laplace),2025-01-31,07:27:08,-08:00,2025-01-31T07:27:08-08:00,0,46
global.js,123,js,0f1cd9da,Kaijie Zhang (Laplace),2025-01-31,07:27:08,-08:00,2025-01-31T07:27:08-08:00,0,81
global.js,124,js,0f1cd9da,Kaijie Zhang (Laplace),2025-01-31,07:27:08,-08:00,2025-01-31T07:27:08-08:00,0,58
global.js,125,js,0f1cd9da,Kaijie Zhang (Laplace),2025-01-31,07:27:08,-08:00,2025-01-31T07:27:08-08:00,0,1
global.js,126,js,0f1cd9da,Kaijie Zhang (Laplace),2025-01-31,07:27:08,-08:00,2025-01-31T07:27:08-08:00,0,0
global.js,127,js,0f1cd9da,Kaijie Zhang (Laplace),2025-01-31,07:27:08,-08:00,2025-01-31T07:27:08-08:00,0,37
global.js,128,js,0f1cd9da,Kaijie Zhang (Laplace),2025-01-31,07:27:08,-08:00,2025-01-31T07:27:08-08:00,0,2
global.js,129,js,0f1cd9da,Kaijie Zhang (Laplace),2025-01-31,07:27:08,-08:00,2025-01-31T07:27:08-08:00,0,0
global.js,130,js,0f1cd9da,Kaijie Zhang (Laplace),2025-01-31,07:27:08,-08:00,2025-01-31T07:27:08-08:00,0,0
global.js,131,js,0f1cd9da,Kaijie Zhang (Laplace),2025-01-31,07:27:08,-08:00,2025-01-31T07:27:08-08:00,0,48
global.js,132,js,0f1cd9da,Kaijie Zhang (Laplace),2025-01-31,07:27:08,-08:00,2025-01-31T07:27:08-08:00,0,61
global.js,133,js,0f1cd9da,Kaijie Zhang (Laplace),2025-01-31,07:27:08,-08:00,2025-01-31T07:27:08-08:00,0,0
global.js,134,js,0f1cd9da,Kaijie Zhang (Laplace),2025-01-31,07:27:08,-08:00,2025-01-31T07:27:08-08:00,0,0
resume\index.html,1,html,3198589a,jackyzhangkaijie@outlook.com,2025-01-10,22:30:48,-08:00,2025-01-10T22:30:48-08:00,0,14
resume\index.html,2,html,3198589a,jackyzhangkaijie@outlook.com,2025-01-10,22:30:48,-08:00,2025-01-10T22:30:48-08:00,0,15
resume\index.html,3,html,3198589a,jackyzhangkaijie@outlook.com,2025-01-10,22:30:48,-08:00,2025-01-10T22:30:48-08:00,0,5
resume\index.html,4,html,3198589a,jackyzhangkaijie@outlook.com,2025-01-10,22:30:48,-08:00,2025-01-10T22:30:48-08:00,0,21
resume\index.html,5,html,3198589a,jackyzhangkaijie@outlook.com,2025-01-10,22:30:48,-08:00,2025-01-10T22:30:48-08:00,0,69
resume\index.html,6,html,3198589a,jackyzhangkaijie@outlook.com,2025-01-10,22:30:48,-08:00,2025-01-10T22:30:48-08:00,0,45
resume\index.html,7,html,fbe1177f,jackyzhangkaijie@outlook.com,2025-01-10,23:23:39,-08:00,2025-01-10T23:23:39-08:00,0,42
resume\index.html,8,html,b1548763,Kaijie Zhang (Laplace),2025-01-25,23:20:34,-08:00,2025-01-25T23:20:34-08:00,0,49
resume\index.html,9,html,3198589a,jackyzhangkaijie@outlook.com,2025-01-10,22:30:48,-08:00,2025-01-10T22:30:48-08:00,0,6
resume\index.html,10,html,3198589a,jackyzhangkaijie@outlook.com,2025-01-10,22:30:48,-08:00,2025-01-10T22:30:48-08:00,0,5
resume\index.html,11,html,b1548763,Kaijie Zhang (Laplace),2025-01-25,23:20:34,-08:00,2025-01-25T23:20:34-08:00,0,0
resume\index.html,12,html,b1548763,Kaijie Zhang (Laplace),2025-01-25,23:20:34,-08:00,2025-01-25T23:20:34-08:00,0,0
resume\index.html,13,html,3198589a,jackyzhangkaijie@outlook.com,2025-01-10,22:30:48,-08:00,2025-01-10T22:30:48-08:00,0,7
resume\index.html,14,html,3198589a,jackyzhangkaijie@outlook.com,2025-01-10,22:30:48,-08:00,2025-01-10T22:30:48-08:00,0,20
resume\index.html,15,html,3198589a,jackyzhangkaijie@outlook.com,2025-01-10,22:30:48,-08:00,2025-01-10T22:30:48-08:00,0,85
resume\index.html,16,html,3198589a,jackyzhangkaijie@outlook.com,2025-01-10,22:30:48,-08:00,2025-01-10T22:30:48-08:00,0,109
resume\index.html,17,html,3198589a,jackyzhangkaijie@outlook.com,2025-01-10,22:30:48,-08:00,2025-01-10T22:30:48-08:00,0,8
resume\index.html,18,html,3198589a,jackyzhangkaijie@outlook.com,2025-01-10,22:30:48,-08:00,2025-01-10T22:30:48-08:00,0,0
resume\index.html,19,html,3198589a,jackyzhangkaijie@outlook.com,2025-01-10,22:30:48,-08:00,2025-01-10T22:30:48-08:00,0,8
resume\index.html,20,html,3198589a,jackyzhangkaijie@outlook.com,2025-01-10,22:30:48,-08:00,2025-01-10T22:30:48-08:00,0,7
resume\index.html,21,html,3198589a,jackyzhangkaijie@outlook.com,2025-01-10,22:30:48,-08:00,2025-01-10T22:30:48-08:00,0,17
resume\index.html,22,html,3198589a,jackyzhangkaijie@outlook.com,2025-01-10,22:30:48,-08:00,2025-01-10T22:30:48-08:00,0,8
resume\index.html,23,html,3198589a,jackyzhangkaijie@outlook.com,2025-01-10,22:30:48,-08:00,2025-01-10T22:30:48-08:00,0,52
resume\index.html,24,html,3198589a,jackyzhangkaijie@outlook.com,2025-01-10,22:30:48,-08:00,2025-01-10T22:30:48-08:00,0,8
resume\index.html,25,html,3198589a,jackyzhangkaijie@outlook.com,2025-01-10,22:30:48,-08:00,2025-01-10T22:30:48-08:00,0,65
resume\index.html,26,html,3198589a,jackyzhangkaijie@outlook.com,2025-01-10,22:30:48,-08:00,2025-01-10T22:30:48-08:00,0,71
resume\index.html,27,html,3198589a,jackyzhangkaijie@outlook.com,2025-01-10,22:30:48,-08:00,2025-01-10T22:30:48-08:00,0,2
resume\index.html,28,html,3198589a,jackyzhangkaijie@outlook.com,2025-01-10,22:30:48,-08:00,2025-01-10T22:30:48-08:00,0,25
resume\index.html,29,html,3198589a,jackyzhangkaijie@outlook.com,2025-01-10,22:30:48,-08:00,2025-01-10T22:30:48-08:00,0,42
resume\index.html,30,html,3198589a,jackyzhangkaijie@outlook.com,2025-01-10,22:30:48,-08:00,2025-01-10T22:30:48-08:00,0,40
resume\index.html,31,html,3198589a,jackyzhangkaijie@outlook.com,2025-01-10,22:30:48,-08:00,2025-01-10T22:30:48-08:00,0,3
resume\index.html,32,html,3198589a,jackyzhangkaijie@outlook.com,2025-01-10,22:30:48,-08:00,2025-01-10T22:30:48-08:00,0,68
resume\index.html,33,html,3198589a,jackyzhangkaijie@outlook.com,2025-01-10,22:30:48,-08:00,2025-01-10T22:30:48-08:00,0,9
resume\index.html,34,html,3198589a,jackyzhangkaijie@outlook.com,2025-01-10,22:30:48,-08:00,2025-01-10T22:30:48-08:00,0,8
resume\index.html,35,html,3198589a,jackyzhangkaijie@outlook.com,2025-01-10,22:30:48,-08:00,2025-01-10T22:30:48-08:00,0,75
resume\index.html,36,html,3198589a,jackyzhangkaijie@outlook.com,2025-01-10,22:30:48,-08:00,2025-01-10T22:30:48-08:00,0,68
resume\index.html,37,html,3198589a,jackyzhangkaijie@outlook.com,2025-01-10,22:30:48,-08:00,2025-01-10T22:30:48-08:00,0,2
resume\index.html,38,html,3198589a,jackyzhangkaijie@outlook.com,2025-01-10,22:30:48,-08:00,2025-01-10T22:30:48-08:00,0,25
resume\index.html,39,html,3198589a,jackyzhangkaijie@outlook.com,2025-01-10,22:30:48,-08:00,2025-01-10T22:30:48-08:00,0,42
resume\index.html,40,html,3198589a,jackyzhangkaijie@outlook.com,2025-01-10,22:30:48,-08:00,2025-01-10T22:30:48-08:00,0,40
resume\index.html,41,html,3198589a,jackyzhangkaijie@outlook.com,2025-01-10,22:30:48,-08:00,2025-01-10T22:30:48-08:00,0,3
resume\index.html,42,html,3198589a,jackyzhangkaijie@outlook.com,2025-01-10,22:30:48,-08:00,2025-01-10T22:30:48-08:00,0,9
resume\index.html,43,html,3198589a,jackyzhangkaijie@outlook.com,2025-01-10,22:30:48,-08:00,2025-01-10T22:30:48-08:00,0,9
resume\index.html,44,html,3198589a,jackyzhangkaijie@outlook.com,2025-01-10,22:30:48,-08:00,2025-01-10T22:30:48-08:00,0,0
resume\index.html,45,html,752b48e5,jackyzhangkaijie@outlook.com,2025-01-10,23:20:46,-08:00,2025-01-10T23:20:46-08:00,0,8
resume\index.html,46,html,752b48e5,jackyzhangkaijie@outlook.com,2025-01-10,23:20:46,-08:00,2025-01-10T23:20:46-08:00,0,7
resume\index.html,47,html,752b48e5,jackyzhangkaijie@outlook.com,2025-01-10,23:20:46,-08:00,2025-01-10T23:20:46-08:00,0,27
resume\index.html,48,html,752b48e5,jackyzhangkaijie@outlook.com,2025-01-10,23:20:46,-08:00,2025-01-10T23:20:46-08:00,0,8
resume\index.html,49,html,752b48e5,jackyzhangkaijie@outlook.com,2025-01-10,23:20:46,-08:00,2025-01-10T23:20:46-08:00,0,3
resume\index.html,50,html,752b48e5,jackyzhangkaijie@outlook.com,2025-01-10,23:20:46,-08:00,2025-01-10T23:20:46-08:00,0,3
resume\index.html,51,html,752b48e5,jackyzhangkaijie@outlook.com,2025-01-10,23:20:46,-08:00,2025-01-10T23:20:46-08:00,0,67
resume\index.html,52,html,752b48e5,jackyzhangkaijie@outlook.com,2025-01-10,23:20:46,-08:00,2025-01-10T23:20:46-08:00,0,4
resume\index.html,53,html,752b48e5,jackyzhangkaijie@outlook.com,2025-01-10,23:20:46,-08:00,2025-01-10T23:20:46-08:00,0,3
resume\index.html,54,html,752b48e5,jackyzhangkaijie@outlook.com,2025-01-10,23:20:46,-08:00,2025-01-10T23:20:46-08:00,0,73
resume\index.html,55,html,752b48e5,jackyzhangkaijie@outlook.com,2025-01-10,23:20:46,-08:00,2025-01-10T23:20:46-08:00,0,4
resume\index.html,56,html,752b48e5,jackyzhangkaijie@outlook.com,2025-01-10,23:20:46,-08:00,2025-01-10T23:20:46-08:00,0,3
resume\index.html,57,html,752b48e5,jackyzhangkaijie@outlook.com,2025-01-10,23:20:46,-08:00,2025-01-10T23:20:46-08:00,0,86
resume\index.html,58,html,752b48e5,jackyzhangkaijie@outlook.com,2025-01-10,23:20:46,-08:00,2025-01-10T23:20:46-08:00,0,4
resume\index.html,59,html,752b48e5,jackyzhangkaijie@outlook.com,2025-01-10,23:20:46,-08:00,2025-01-10T23:20:46-08:00,0,4
resume\index.html,60,html,752b48e5,jackyzhangkaijie@outlook.com,2025-01-10,23:20:46,-08:00,2025-01-10T23:20:46-08:00,0,9
resume\index.html,61,html,752b48e5,jackyzhangkaijie@outlook.com,2025-01-10,23:20:46,-08:00,2025-01-10T23:20:46-08:00,0,0
resume\index.html,62,html,3198589a,jackyzhangkaijie@outlook.com,2025-01-10,22:30:48,-08:00,2025-01-10T22:30:48-08:00,0,8
resume\index.html,63,html,3198589a,jackyzhangkaijie@outlook.com,2025-01-10,22:30:48,-08:00,2025-01-10T22:30:48-08:00,0,7
resume\index.html,64,html,3198589a,jackyzhangkaijie@outlook.com,2025-01-10,22:30:48,-08:00,2025-01-10T22:30:48-08:00,0,18
resume\index.html,65,html,3198589a,jackyzhangkaijie@outlook.com,2025-01-10,22:30:48,-08:00,2025-01-10T22:30:48-08:00,0,8
resume\index.html,66,html,3198589a,jackyzhangkaijie@outlook.com,2025-01-10,22:30:48,-08:00,2025-01-10T22:30:48-08:00,0,8
resume\index.html,67,html,3198589a,jackyzhangkaijie@outlook.com,2025-01-10,22:30:48,-08:00,2025-01-10T22:30:48-08:00,0,44
resume\index.html,68,html,77972d07,jackyzhangkaijie@outlook.com,2025-01-10,23:12:25,-08:00,2025-01-10T23:12:25-08:00,0,76
resume\index.html,69,html,3198589a,jackyzhangkaijie@outlook.com,2025-01-10,22:30:48,-08:00,2025-01-10T22:30:48-08:00,0,2
resume\index.html,70,html,3198589a,jackyzhangkaijie@outlook.com,2025-01-10,22:30:48,-08:00,2025-01-10T22:30:48-08:00,0,25
resume\index.html,71,html,3198589a,jackyzhangkaijie@outlook.com,2025-01-10,22:30:48,-08:00,2025-01-10T22:30:48-08:00,0,42
resume\index.html,72,html,3198589a,jackyzhangkaijie@outlook.com,2025-01-10,22:30:48,-08:00,2025-01-10T22:30:48-08:00,0,40
resume\index.html,73,html,3198589a,jackyzhangkaijie@outlook.com,2025-01-10,22:30:48,-08:00,2025-01-10T22:30:48-08:00,0,3
resume\index.html,74,html,3198589a,jackyzhangkaijie@outlook.com,2025-01-10,22:30:48,-08:00,2025-01-10T22:30:48-08:00,0,3
resume\index.html,75,html,77972d07,jackyzhangkaijie@outlook.com,2025-01-10,23:12:25,-08:00,2025-01-10T23:12:25-08:00,0,84
resume\index.html,76,html,77972d07,jackyzhangkaijie@outlook.com,2025-01-10,23:12:25,-08:00,2025-01-10T23:12:25-08:00,0,108
resume\index.html,77,html,77972d07,jackyzhangkaijie@outlook.com,2025-01-10,23:12:25,-08:00,2025-01-10T23:12:25-08:00,0,135
resume\index.html,78,html,77972d07,jackyzhangkaijie@outlook.com,2025-01-10,23:12:25,-08:00,2025-01-10T23:12:25-08:00,0,110
resume\index.html,79,html,77972d07,jackyzhangkaijie@outlook.com,2025-01-10,23:12:25,-08:00,2025-01-10T23:12:25-08:00,0,119
resume\index.html,80,html,77972d07,jackyzhangkaijie@outlook.com,2025-01-10,23:12:25,-08:00,2025-01-10T23:12:25-08:00,0,22
resume\index.html,81,html,3198589a,jackyzhangkaijie@outlook.com,2025-01-10,22:30:48,-08:00,2025-01-10T22:30:48-08:00,0,4
resume\index.html,82,html,3198589a,jackyzhangkaijie@outlook.com,2025-01-10,22:30:48,-08:00,2025-01-10T22:30:48-08:00,0,9
resume\index.html,83,html,3198589a,jackyzhangkaijie@outlook.com,2025-01-10,22:30:48,-08:00,2025-01-10T22:30:48-08:00,0,8
resume\index.html,84,html,3198589a,jackyzhangkaijie@outlook.com,2025-01-10,22:30:48,-08:00,2025-01-10T22:30:48-08:00,0,38
resume\index.html,85,html,77972d07,jackyzhangkaijie@outlook.com,2025-01-10,23:12:25,-08:00,2025-01-10T23:12:25-08:00,0,47
resume\index.html,86,html,3198589a,jackyzhangkaijie@outlook.com,2025-01-10,22:30:48,-08:00,2025-01-10T22:30:48-08:00,0,2
resume\index.html,87,html,3198589a,jackyzhangkaijie@outlook.com,2025-01-10,22:30:48,-08:00,2025-01-10T22:30:48-08:00,0,25
resume\index.html,88,html,3198589a,jackyzhangkaijie@outlook.com,2025-01-10,22:30:48,-08:00,2025-01-10T22:30:48-08:00,0,42
resume\index.html,89,html,3198589a,jackyzhangkaijie@outlook.com,2025-01-10,22:30:48,-08:00,2025-01-10T22:30:48-08:00,0,40
resume\index.html,90,html,3198589a,jackyzhangkaijie@outlook.com,2025-01-10,22:30:48,-08:00,2025-01-10T22:30:48-08:00,0,3
resume\index.html,91,html,3198589a,jackyzhangkaijie@outlook.com,2025-01-10,22:30:48,-08:00,2025-01-10T22:30:48-08:00,0,3
resume\index.html,92,html,77972d07,jackyzhangkaijie@outlook.com,2025-01-10,23:12:25,-08:00,2025-01-10T23:12:25-08:00,0,196
resume\index.html,93,html,77972d07,jackyzhangkaijie@outlook.com,2025-01-10,23:12:25,-08:00,2025-01-10T23:12:25-08:00,0,224
resume\index.html,94,html,3198589a,jackyzhangkaijie@outlook.com,2025-01-10,22:30:48,-08:00,2025-01-10T22:30:48-08:00,0,4
resume\index.html,95,html,3198589a,jackyzhangkaijie@outlook.com,2025-01-10,22:30:48,-08:00,2025-01-10T22:30:48-08:00,0,9
resume\index.html,96,html,3198589a,jackyzhangkaijie@outlook.com,2025-01-10,22:30:48,-08:00,2025-01-10T22:30:48-08:00,0,9
resume\index.html,97,html,3198589a,jackyzhangkaijie@outlook.com,2025-01-10,22:30:48,-08:00,2025-01-10T22:30:48-08:00,0,0
resume\index.html,98,html,3198589a,jackyzhangkaijie@outlook.com,2025-01-10,22:30:48,-08:00,2025-01-10T22:30:48-08:00,0,8
resume\index.html,99,html,3198589a,jackyzhangkaijie@outlook.com,2025-01-10,22:30:48,-08:00,2025-01-10T22:30:48-08:00,0,7
resume\index.html,100,html,3198589a,jackyzhangkaijie@outlook.com,2025-01-10,22:30:48,-08:00,2025-01-10T22:30:48-08:00,0,16
resume\index.html,101,html,3198589a,jackyzhangkaijie@outlook.com,2025-01-10,22:30:48,-08:00,2025-01-10T22:30:48-08:00,0,8
resume\index.html,102,html,3198589a,jackyzhangkaijie@outlook.com,2025-01-10,22:30:48,-08:00,2025-01-10T22:30:48-08:00,0,8
resume\index.html,103,html,6be0f658,Kaijie Zhang (Laplace),2025-01-17,20:06:07,-08:00,2025-01-17T20:06:07-08:00,0,3
resume\index.html,104,html,6be0f658,Kaijie Zhang (Laplace),2025-01-17,20:06:07,-08:00,2025-01-17T20:06:07-08:00,0,69
resume\index.html,105,html,6be0f658,Kaijie Zhang (Laplace),2025-01-17,20:06:07,-08:00,2025-01-17T20:06:07-08:00,0,4
resume\index.html,106,html,3198589a,jackyzhangkaijie@outlook.com,2025-01-10,22:30:48,-08:00,2025-01-10T22:30:48-08:00,0,2
resume\index.html,107,html,3198589a,jackyzhangkaijie@outlook.com,2025-01-10,22:30:48,-08:00,2025-01-10T22:30:48-08:00,0,25
resume\index.html,108,html,3198589a,jackyzhangkaijie@outlook.com,2025-01-10,22:30:48,-08:00,2025-01-10T22:30:48-08:00,0,40
resume\index.html,109,html,3198589a,jackyzhangkaijie@outlook.com,2025-01-10,22:30:48,-08:00,2025-01-10T22:30:48-08:00,0,3
resume\index.html,110,html,3198589a,jackyzhangkaijie@outlook.com,2025-01-10,22:30:48,-08:00,2025-01-10T22:30:48-08:00,0,3
resume\index.html,111,html,752b48e5,jackyzhangkaijie@outlook.com,2025-01-10,23:20:46,-08:00,2025-01-10T23:20:46-08:00,0,113
resume\index.html,112,html,752b48e5,jackyzhangkaijie@outlook.com,2025-01-10,23:20:46,-08:00,2025-01-10T23:20:46-08:00,0,184
resume\index.html,113,html,752b48e5,jackyzhangkaijie@outlook.com,2025-01-10,23:20:46,-08:00,2025-01-10T23:20:46-08:00,0,117
resume\index.html,114,html,752b48e5,jackyzhangkaijie@outlook.com,2025-01-10,23:20:46,-08:00,2025-01-10T23:20:46-08:00,0,67
resume\index.html,115,html,752b48e5,jackyzhangkaijie@outlook.com,2025-01-10,23:20:46,-08:00,2025-01-10T23:20:46-08:00,0,127
resume\index.html,116,html,752b48e5,jackyzhangkaijie@outlook.com,2025-01-10,23:20:46,-08:00,2025-01-10T23:20:46-08:00,0,110
resume\index.html,117,html,752b48e5,jackyzhangkaijie@outlook.com,2025-01-10,23:20:46,-08:00,2025-01-10T23:20:46-08:00,0,118
resume\index.html,118,html,3198589a,jackyzhangkaijie@outlook.com,2025-01-10,22:30:48,-08:00,2025-01-10T22:30:48-08:00,0,4
resume\index.html,119,html,3198589a,jackyzhangkaijie@outlook.com,2025-01-10,22:30:48,-08:00,2025-01-10T22:30:48-08:00,0,9
resume\index.html,120,html,3198589a,jackyzhangkaijie@outlook.com,2025-01-10,22:30:48,-08:00,2025-01-10T22:30:48-08:00,0,8
resume\index.html,121,html,6be0f658,Kaijie Zhang (Laplace),2025-01-17,20:06:07,-08:00,2025-01-17T20:06:07-08:00,0,3
resume\index.html,122,html,6be0f658,Kaijie Zhang (Laplace),2025-01-17,20:06:07,-08:00,2025-01-17T20:06:07-08:00,0,67
resume\index.html,123,html,6be0f658,Kaijie Zhang (Laplace),2025-01-17,20:06:07,-08:00,2025-01-17T20:06:07-08:00,0,4
resume\index.html,124,html,3198589a,jackyzhangkaijie@outlook.com,2025-01-10,22:30:48,-08:00,2025-01-10T22:30:48-08:00,0,2
resume\index.html,125,html,3198589a,jackyzhangkaijie@outlook.com,2025-01-10,22:30:48,-08:00,2025-01-10T22:30:48-08:00,0,25
resume\index.html,126,html,3198589a,jackyzhangkaijie@outlook.com,2025-01-10,22:30:48,-08:00,2025-01-10T22:30:48-08:00,0,40
resume\index.html,127,html,3198589a,jackyzhangkaijie@outlook.com,2025-01-10,22:30:48,-08:00,2025-01-10T22:30:48-08:00,0,3
resume\index.html,128,html,3198589a,jackyzhangkaijie@outlook.com,2025-01-10,22:30:48,-08:00,2025-01-10T22:30:48-08:00,0,3
resume\index.html,129,html,752b48e5,jackyzhangkaijie@outlook.com,2025-01-10,23:20:46,-08:00,2025-01-10T23:20:46-08:00,0,113
resume\index.html,130,html,752b48e5,jackyzhangkaijie@outlook.com,2025-01-10,23:20:46,-08:00,2025-01-10T23:20:46-08:00,0,177
resume\index.html,131,html,752b48e5,jackyzhangkaijie@outlook.com,2025-01-10,23:20:46,-08:00,2025-01-10T23:20:46-08:00,0,121
resume\index.html,132,html,752b48e5,jackyzhangkaijie@outlook.com,2025-01-10,23:20:46,-08:00,2025-01-10T23:20:46-08:00,0,115
resume\index.html,133,html,3198589a,jackyzhangkaijie@outlook.com,2025-01-10,22:30:48,-08:00,2025-01-10T22:30:48-08:00,0,4
resume\index.html,134,html,3198589a,jackyzhangkaijie@outlook.com,2025-01-10,22:30:48,-08:00,2025-01-10T22:30:48-08:00,0,9
resume\index.html,135,html,3198589a,jackyzhangkaijie@outlook.com,2025-01-10,22:30:48,-08:00,2025-01-10T22:30:48-08:00,0,8
resume\index.html,136,html,6be0f658,Kaijie Zhang (Laplace),2025-01-17,20:06:07,-08:00,2025-01-17T20:06:07-08:00,0,3
resume\index.html,137,html,6be0f658,Kaijie Zhang (Laplace),2025-01-17,20:06:07,-08:00,2025-01-17T20:06:07-08:00,0,65
resume\index.html,138,html,6be0f658,Kaijie Zhang (Laplace),2025-01-17,20:06:07,-08:00,2025-01-17T20:06:07-08:00,0,4
resume\index.html,139,html,3198589a,jackyzhangkaijie@outlook.com,2025-01-10,22:30:48,-08:00,2025-01-10T22:30:48-08:00,0,2
resume\index.html,140,html,3198589a,jackyzhangkaijie@outlook.com,2025-01-10,22:30:48,-08:00,2025-01-10T22:30:48-08:00,0,25
resume\index.html,141,html,3198589a,jackyzhangkaijie@outlook.com,2025-01-10,22:30:48,-08:00,2025-01-10T22:30:48-08:00,0,40
resume\index.html,142,html,3198589a,jackyzhangkaijie@outlook.com,2025-01-10,22:30:48,-08:00,2025-01-10T22:30:48-08:00,0,3
resume\index.html,143,html,3198589a,jackyzhangkaijie@outlook.com,2025-01-10,22:30:48,-08:00,2025-01-10T22:30:48-08:00,0,3
resume\index.html,144,html,752b48e5,jackyzhangkaijie@outlook.com,2025-01-10,23:20:46,-08:00,2025-01-10T23:20:46-08:00,0,108
resume\index.html,145,html,752b48e5,jackyzhangkaijie@outlook.com,2025-01-10,23:20:46,-08:00,2025-01-10T23:20:46-08:00,0,109
resume\index.html,146,html,752b48e5,jackyzhangkaijie@outlook.com,2025-01-10,23:20:46,-08:00,2025-01-10T23:20:46-08:00,0,93
resume\index.html,147,html,3198589a,jackyzhangkaijie@outlook.com,2025-01-10,22:30:48,-08:00,2025-01-10T22:30:48-08:00,0,4
resume\index.html,148,html,3198589a,jackyzhangkaijie@outlook.com,2025-01-10,22:30:48,-08:00,2025-01-10T22:30:48-08:00,0,9
resume\index.html,149,html,3198589a,jackyzhangkaijie@outlook.com,2025-01-10,22:30:48,-08:00,2025-01-10T22:30:48-08:00,0,9
resume\index.html,150,html,3198589a,jackyzhangkaijie@outlook.com,2025-01-10,22:30:48,-08:00,2025-01-10T22:30:48-08:00,0,0
resume\index.html,151,html,3198589a,jackyzhangkaijie@outlook.com,2025-01-10,22:30:48,-08:00,2025-01-10T22:30:48-08:00,0,8
resume\index.html,152,html,3198589a,jackyzhangkaijie@outlook.com,2025-01-10,22:30:48,-08:00,2025-01-10T22:30:48-08:00,0,7
resume\index.html,153,html,3198589a,jackyzhangkaijie@outlook.com,2025-01-10,22:30:48,-08:00,2025-01-10T22:30:48-08:00,0,14
resume\index.html,154,html,3198589a,jackyzhangkaijie@outlook.com,2025-01-10,22:30:48,-08:00,2025-01-10T22:30:48-08:00,0,8
resume\index.html,155,html,3198589a,jackyzhangkaijie@outlook.com,2025-01-10,22:30:48,-08:00,2025-01-10T22:30:48-08:00,0,3
resume\index.html,156,html,3198589a,jackyzhangkaijie@outlook.com,2025-01-10,22:30:48,-08:00,2025-01-10T22:30:48-08:00,0,73
resume\index.html,157,html,3198589a,jackyzhangkaijie@outlook.com,2025-01-10,22:30:48,-08:00,2025-01-10T22:30:48-08:00,0,74
resume\index.html,158,html,3198589a,jackyzhangkaijie@outlook.com,2025-01-10,22:30:48,-08:00,2025-01-10T22:30:48-08:00,0,71
resume\index.html,159,html,3198589a,jackyzhangkaijie@outlook.com,2025-01-10,22:30:48,-08:00,2025-01-10T22:30:48-08:00,0,61
resume\index.html,160,html,3198589a,jackyzhangkaijie@outlook.com,2025-01-10,22:30:48,-08:00,2025-01-10T22:30:48-08:00,0,4
resume\index.html,161,html,3198589a,jackyzhangkaijie@outlook.com,2025-01-10,22:30:48,-08:00,2025-01-10T22:30:48-08:00,0,9
resume\index.html,162,html,3198589a,jackyzhangkaijie@outlook.com,2025-01-10,22:30:48,-08:00,2025-01-10T22:30:48-08:00,0,6
resume\index.html,163,html,3198589a,jackyzhangkaijie@outlook.com,2025-01-10,22:30:48,-08:00,2025-01-10T22:30:48-08:00,0,6
projects\projects.js,1,js,0f1cd9da,Kaijie Zhang (Laplace),2025-01-31,07:27:08,-08:00,2025-01-31T07:27:08-08:00,0,56
projects\projects.js,2,js,0f1cd9da,Kaijie Zhang (Laplace),2025-01-31,07:27:08,-08:00,2025-01-31T07:27:08-08:00,0,0
projects\projects.js,3,js,0f1cd9da,Kaijie Zhang (Laplace),2025-01-31,07:27:08,-08:00,2025-01-31T07:27:08-08:00,0,58
projects\projects.js,4,js,0f1cd9da,Kaijie Zhang (Laplace),2025-01-31,07:27:08,-08:00,2025-01-31T07:27:08-08:00,0,61
projects\projects.js,5,js,0f1cd9da,Kaijie Zhang (Laplace),2025-01-31,07:27:08,-08:00,2025-01-31T07:27:08-08:00,0,63
projects\projects.js,6,js,0f1cd9da,Kaijie Zhang (Laplace),2025-01-31,07:27:08,-08:00,2025-01-31T07:27:08-08:00,0,0
projects\projects.js,7,js,0f1cd9da,Kaijie Zhang (Laplace),2025-01-31,07:27:08,-08:00,2025-01-31T07:27:08-08:00,0,24
projects\projects.js,8,js,0f1cd9da,Kaijie Zhang (Laplace),2025-01-31,07:27:08,-08:00,2025-01-31T07:27:08-08:00,0,54
projects\projects.js,9,js,0f1cd9da,Kaijie Zhang (Laplace),2025-01-31,07:27:08,-08:00,2025-01-31T07:27:08-08:00,0,6
projects\projects.js,10,js,0f1cd9da,Kaijie Zhang (Laplace),2025-01-31,07:27:08,-08:00,2025-01-31T07:27:08-08:00,0,0
projects\projects.js,11,js,0f1cd9da,Kaijie Zhang (Laplace),2025-01-31,07:27:08,-08:00,2025-01-31T07:27:08-08:00,0,0
projects\projects.js,12,js,0f1cd9da,Kaijie Zhang (Laplace),2025-01-31,07:27:08,-08:00,2025-01-31T07:27:08-08:00,0,25
projects\projects.js,13,js,0f1cd9da,Kaijie Zhang (Laplace),2025-01-31,07:27:08,-08:00,2025-01-31T07:27:08-08:00,0,92
projects\projects.js,14,js,0f1cd9da,Kaijie Zhang (Laplace),2025-01-31,07:27:08,-08:00,2025-01-31T07:27:08-08:00,0,1
projects\projects.js,15,js,0f1cd9da,Kaijie Zhang (Laplace),2025-01-31,07:27:08,-08:00,2025-01-31T07:27:08-08:00,0,0
projects\projects.js,16,js,0f1cd9da,Kaijie Zhang (Laplace),2025-01-31,07:27:08,-08:00,2025-01-31T07:27:08-08:00,0,55
projects\projects.js,17,js,0f1cd9da,Kaijie Zhang (Laplace),2025-01-31,07:27:08,-08:00,2025-01-31T07:27:08-08:00,0,20
projects\projects.js,18,js,0f1cd9da,Kaijie Zhang (Laplace),2025-01-31,07:27:08,-08:00,2025-01-31T07:27:08-08:00,0,47
projects\projects.js,19,js,0f1cd9da,Kaijie Zhang (Laplace),2025-01-31,07:27:08,-08:00,2025-01-31T07:27:08-08:00,0,42
projects\projects.js,20,js,0f1cd9da,Kaijie Zhang (Laplace),2025-01-31,07:27:08,-08:00,2025-01-31T07:27:08-08:00,0,53
projects\projects.js,21,js,0f1cd9da,Kaijie Zhang (Laplace),2025-01-31,07:27:08,-08:00,2025-01-31T07:27:08-08:00,0,0
projects\projects.js,22,js,0f1cd9da,Kaijie Zhang (Laplace),2025-01-31,07:27:08,-08:00,2025-01-31T07:27:08-08:00,0,19
projects\projects.js,23,js,0f1cd9da,Kaijie Zhang (Laplace),2025-01-31,07:27:08,-08:00,2025-01-31T07:27:08-08:00,0,61
projects\projects.js,24,js,0f1cd9da,Kaijie Zhang (Laplace),2025-01-31,07:27:08,-08:00,2025-01-31T07:27:08-08:00,0,0
projects\projects.js,25,js,0f1cd9da,Kaijie Zhang (Laplace),2025-01-31,07:27:08,-08:00,2025-01-31T07:27:08-08:00,0,0
projects\projects.js,26,js,0f1cd9da,Kaijie Zhang (Laplace),2025-01-31,07:27:08,-08:00,2025-01-31T07:27:08-08:00,0,0
projects\projects.js,27,js,0f1cd9da,Kaijie Zhang (Laplace),2025-01-31,07:27:08,-08:00,2025-01-31T07:27:08-08:00,0,56
projects\projects.js,28,js,0f1cd9da,Kaijie Zhang (Laplace),2025-01-31,07:27:08,-08:00,2025-01-31T07:27:08-08:00,0,0
projects\projects.js,29,js,0f1cd9da,Kaijie Zhang (Laplace),2025-01-31,07:27:08,-08:00,2025-01-31T07:27:08-08:00,0,37
projects\projects.js,30,js,0f1cd9da,Kaijie Zhang (Laplace),2025-01-31,07:27:08,-08:00,2025-01-31T07:27:08-08:00,0,58
projects\projects.js,31,js,0f1cd9da,Kaijie Zhang (Laplace),2025-01-31,07:27:08,-08:00,2025-01-31T07:27:08-08:00,0,0
projects\projects.js,32,js,0f1cd9da,Kaijie Zhang (Laplace),2025-01-31,07:27:08,-08:00,2025-01-31T07:27:08-08:00,0,49
projects\projects.js,33,js,0f1cd9da,Kaijie Zhang (Laplace),2025-01-31,07:27:08,-08:00,2025-01-31T07:27:08-08:00,0,0
projects\projects.js,34,js,0f1cd9da,Kaijie Zhang (Laplace),2025-01-31,07:27:08,-08:00,2025-01-31T07:27:08-08:00,0,19
projects\projects.js,35,js,0f1cd9da,Kaijie Zhang (Laplace),2025-01-31,07:27:08,-08:00,2025-01-31T07:27:08-08:00,0,57
projects\projects.js,36,js,0f1cd9da,Kaijie Zhang (Laplace),2025-01-31,07:27:08,-08:00,2025-01-31T07:27:08-08:00,0,0
projects\projects.js,37,js,0f1cd9da,Kaijie Zhang (Laplace),2025-01-31,07:27:08,-08:00,2025-01-31T07:27:08-08:00,0,7
projects\projects.js,38,js,0f1cd9da,Kaijie Zhang (Laplace),2025-01-31,07:27:08,-08:00,2025-01-31T07:27:08-08:00,0,40
projects\projects.js,39,js,0f1cd9da,Kaijie Zhang (Laplace),2025-01-31,07:27:08,-08:00,2025-01-31T07:27:08-08:00,0,57
projects\projects.js,40,js,0f1cd9da,Kaijie Zhang (Laplace),2025-01-31,07:27:08,-08:00,2025-01-31T07:27:08-08:00,0,0
projects\projects.js,41,js,0f1cd9da,Kaijie Zhang (Laplace),2025-01-31,07:27:08,-08:00,2025-01-31T07:27:08-08:00,0,19
projects\projects.js,42,js,0f1cd9da,Kaijie Zhang (Laplace),2025-01-31,07:27:08,-08:00,2025-01-31T07:27:08-08:00,0,67
projects\projects.js,43,js,0f1cd9da,Kaijie Zhang (Laplace),2025-01-31,07:27:08,-08:00,2025-01-31T07:27:08-08:00,0,0
projects\projects.js,44,js,0f1cd9da,Kaijie Zhang (Laplace),2025-01-31,07:27:08,-08:00,2025-01-31T07:27:08-08:00,0,0
projects\projects.js,45,js,0f1cd9da,Kaijie Zhang (Laplace),2025-01-31,07:27:08,-08:00,2025-01-31T07:27:08-08:00,0,2
projects\index.html,1,html,3198589a,jackyzhangkaijie@outlook.com,2025-01-10,22:30:48,-08:00,2025-01-10T22:30:48-08:00,0,14
projects\index.html,2,html,3198589a,jackyzhangkaijie@outlook.com,2025-01-10,22:30:48,-08:00,2025-01-10T22:30:48-08:00,0,15
projects\index.html,3,html,3198589a,jackyzhangkaijie@outlook.com,2025-01-10,22:30:48,-08:00,2025-01-10T22:30:48-08:00,0,5
projects\index.html,4,html,3198589a,jackyzhangkaijie@outlook.com,2025-01-10,22:30:48,-08:00,2025-01-10T22:30:48-08:00,0,21
projects\index.html,5,html,3198589a,jackyzhangkaijie@outlook.com,2025-01-10,22:30:48,-08:00,2025-01-10T22:30:48-08:00,0,69
projects\index.html,6,html,3198589a,jackyzhangkaijie@outlook.com,2025-01-10,22:30:48,-08:00,2025-01-10T22:30:48-08:00,0,25
projects\index.html,7,html,fbe1177f,jackyzhangkaijie@outlook.com,2025-01-10,23:23:39,-08:00,2025-01-10T23:23:39-08:00,0,42
projects\index.html,8,html,3198589a,jackyzhangkaijie@outlook.com,2025-01-10,22:30:48,-08:00,2025-01-10T22:30:48-08:00,0,6
projects\index.html,9,html,3198589a,jackyzhangkaijie@outlook.com,2025-01-10,22:30:48,-08:00,2025-01-10T22:30:48-08:00,0,5
projects\index.html,10,html,3198589a,jackyzhangkaijie@outlook.com,2025-01-10,22:30:48,-08:00,2025-01-10T22:30:48-08:00,0,0
projects\index.html,11,html,0f1cd9da,Kaijie Zhang (Laplace),2025-01-31,07:27:08,-08:00,2025-01-31T07:27:08-08:00,0,42
projects\index.html,12,html,0f1cd9da,Kaijie Zhang (Laplace),2025-01-31,07:27:08,-08:00,2025-01-31T07:27:08-08:00,0,27
projects\index.html,13,html,0f1cd9da,Kaijie Zhang (Laplace),2025-01-31,07:27:08,-08:00,2025-01-31T07:27:08-08:00,0,0
projects\index.html,14,html,77972d07,jackyzhangkaijie@outlook.com,2025-01-10,23:12:25,-08:00,2025-01-10T23:12:25-08:00,0,2
projects\index.html,15,html,77972d07,jackyzhangkaijie@outlook.com,2025-01-10,23:12:25,-08:00,2025-01-10T23:12:25-08:00,0,82
projects\index.html,16,html,77972d07,jackyzhangkaijie@outlook.com,2025-01-10,23:12:25,-08:00,2025-01-10T23:12:25-08:00,0,3
projects\index.html,17,html,0f1cd9da,Kaijie Zhang (Laplace),2025-01-31,07:27:08,-08:00,2025-01-31T07:27:08-08:00,0,49
projects\index.html,18,html,0f1cd9da,Kaijie Zhang (Laplace),2025-01-31,07:27:08,-08:00,2025-01-31T07:27:08-08:00,0,48
projects\index.html,19,html,0f1cd9da,Kaijie Zhang (Laplace),2025-01-31,07:27:08,-08:00,2025-01-31T07:27:08-08:00,0,0
projects\index.html,20,html,3198589a,jackyzhangkaijie@outlook.com,2025-01-10,22:30:48,-08:00,2025-01-10T22:30:48-08:00,0,6
projects\index.html,21,html,0f1cd9da,Kaijie Zhang (Laplace),2025-01-31,07:27:08,-08:00,2025-01-31T07:27:08-08:00,0,6
contact\index.html,1,html,3198589a,jackyzhangkaijie@outlook.com,2025-01-10,22:30:48,-08:00,2025-01-10T22:30:48-08:00,0,14
contact\index.html,2,html,3198589a,jackyzhangkaijie@outlook.com,2025-01-10,22:30:48,-08:00,2025-01-10T22:30:48-08:00,0,15
contact\index.html,3,html,3198589a,jackyzhangkaijie@outlook.com,2025-01-10,22:30:48,-08:00,2025-01-10T22:30:48-08:00,0,5
contact\index.html,4,html,3198589a,jackyzhangkaijie@outlook.com,2025-01-10,22:30:48,-08:00,2025-01-10T22:30:48-08:00,0,21
contact\index.html,5,html,3198589a,jackyzhangkaijie@outlook.com,2025-01-10,22:30:48,-08:00,2025-01-10T22:30:48-08:00,0,69
contact\index.html,6,html,3198589a,jackyzhangkaijie@outlook.com,2025-01-10,22:30:48,-08:00,2025-01-10T22:30:48-08:00,0,24
contact\index.html,7,html,fbe1177f,jackyzhangkaijie@outlook.com,2025-01-10,23:23:39,-08:00,2025-01-10T23:23:39-08:00,0,42
contact\index.html,8,html,b1548763,Kaijie Zhang (Laplace),2025-01-25,23:20:34,-08:00,2025-01-25T23:20:34-08:00,0,49
contact\index.html,9,html,3198589a,jackyzhangkaijie@outlook.com,2025-01-10,22:30:48,-08:00,2025-01-10T22:30:48-08:00,0,6
contact\index.html,10,html,3198589a,jackyzhangkaijie@outlook.com,2025-01-10,22:30:48,-08:00,2025-01-10T22:30:48-08:00,0,5
contact\index.html,11,html,b1548763,Kaijie Zhang (Laplace),2025-01-25,23:20:34,-08:00,2025-01-25T23:20:34-08:00,0,0
contact\index.html,12,html,3198589a,jackyzhangkaijie@outlook.com,2025-01-10,22:30:48,-08:00,2025-01-10T22:30:48-08:00,0,0
contact\index.html,13,html,3198589a,jackyzhangkaijie@outlook.com,2025-01-10,22:30:48,-08:00,2025-01-10T22:30:48-08:00,0,18
contact\index.html,14,html,3198589a,jackyzhangkaijie@outlook.com,2025-01-10,22:30:48,-08:00,2025-01-10T22:30:48-08:00,0,0
contact\index.html,15,html,3198589a,jackyzhangkaijie@outlook.com,2025-01-10,22:30:48,-08:00,2025-01-10T22:30:48-08:00,0,72
contact\index.html,16,html,3198589a,jackyzhangkaijie@outlook.com,2025-01-10,22:30:48,-08:00,2025-01-10T22:30:48-08:00,0,6
contact\index.html,17,html,3198589a,jackyzhangkaijie@outlook.com,2025-01-10,22:30:48,-08:00,2025-01-10T22:30:48-08:00,0,10
contact\index.html,18,html,3198589a,jackyzhangkaijie@outlook.com,2025-01-10,22:30:48,-08:00,2025-01-10T22:30:48-08:00,0,34
contact\index.html,19,html,3198589a,jackyzhangkaijie@outlook.com,2025-01-10,22:30:48,-08:00,2025-01-10T22:30:48-08:00,0,7
contact\index.html,20,html,3198589a,jackyzhangkaijie@outlook.com,2025-01-10,22:30:48,-08:00,2025-01-10T22:30:48-08:00,0,0
contact\index.html,21,html,3198589a,jackyzhangkaijie@outlook.com,2025-01-10,22:30:48,-08:00,2025-01-10T22:30:48-08:00,0,6
contact\index.html,22,html,3198589a,jackyzhangkaijie@outlook.com,2025-01-10,22:30:48,-08:00,2025-01-10T22:30:48-08:00,0,7
contact\index.html,23,html,3198589a,jackyzhangkaijie@outlook.com,2025-01-10,22:30:48,-08:00,2025-01-10T22:30:48-08:00,0,23
contact\index.html,24,html,3198589a,jackyzhangkaijie@outlook.com,2025-01-10,22:30:48,-08:00,2025-01-10T22:30:48-08:00,0,7
contact\index.html,25,html,3198589a,jackyzhangkaijie@outlook.com,2025-01-10,22:30:48,-08:00,2025-01-10T22:30:48-08:00,0,0
contact\index.html,26,html,3198589a,jackyzhangkaijie@outlook.com,2025-01-10,22:30:48,-08:00,2025-01-10T22:30:48-08:00,0,6
contact\index.html,27,html,3198589a,jackyzhangkaijie@outlook.com,2025-01-10,22:30:48,-08:00,2025-01-10T22:30:48-08:00,0,7
contact\index.html,28,html,3198589a,jackyzhangkaijie@outlook.com,2025-01-10,22:30:48,-08:00,2025-01-10T22:30:48-08:00,0,32
contact\index.html,29,html,3198589a,jackyzhangkaijie@outlook.com,2025-01-10,22:30:48,-08:00,2025-01-10T22:30:48-08:00,0,7
contact\index.html,30,html,3198589a,jackyzhangkaijie@outlook.com,2025-01-10,22:30:48,-08:00,2025-01-10T22:30:48-08:00,0,0
contact\index.html,31,html,3198589a,jackyzhangkaijie@outlook.com,2025-01-10,22:30:48,-08:00,2025-01-10T22:30:48-08:00,0,22
contact\index.html,32,html,3198589a,jackyzhangkaijie@outlook.com,2025-01-10,22:30:48,-08:00,2025-01-10T22:30:48-08:00,0,6
contact\index.html,33,html,3198589a,jackyzhangkaijie@outlook.com,2025-01-10,22:30:48,-08:00,2025-01-10T22:30:48-08:00,0,0
contact\index.html,34,html,3198589a,jackyzhangkaijie@outlook.com,2025-01-10,22:30:48,-08:00,2025-01-10T22:30:48-08:00,0,6
contact\index.html,35,html,3198589a,jackyzhangkaijie@outlook.com,2025-01-10,22:30:48,-08:00,2025-01-10T22:30:48-08:00,0,6
